code,year,ru,dfo
8112027,2008,7.948032097821933,0.8695652173913043
8112027,2009,77.53152464654184,72.6086956521739
8112027,2010,83.14864348490639,76.08695652173913
8112027,2011,93.35116545662973,96.52173913043478
8112027,2012,92.09017959495606,83.91304347826087
8112027,2013,95.18532670997325,86.95652173913044
8112027,2014,94.91784486052732,86.52173913043478
8112027,2015,96.44631257164693,97.82608695652173
8112027,2016,96.79021780664884,98.69565217391305
8112027,2017,96.44631257164693,83.91304347826087
8112027,2018,98.12762705387848,99.1304347826087
8112027,2019,96.36294027565084,99.1304347826087
8112027,2020,98.2361963190184,99.1304347826087
8112027,2021,98.23280829811756,98.69565217391305
8112027,2022,97.7718017671917,99.1304347826087
8112027,2023,97.65023112480739,99.1304347826087
8112027,2024,97.76407093292212,99.1304347826087
8112027,2025,86.31457208943716,87.82608695652173
8112013,2008,33.893771494077185,29.565217391304348
8112013,2009,76.61444401987008,83.91304347826087
8112013,2010,77.03477264042797,82.17391304347827
8112013,2011,84.06572411157815,88.69565217391305
8112013,2012,85.89988536492167,76.52173913043478
8112013,2013,86.62590752770348,80.0
8112013,2014,91.09667558272831,97.82608695652173
8112013,2015,96.36988918609094,86.95652173913044
8112013,2016,95.18532670997325,90.0
8112013,2017,96.59915934275888,79.56521739130434
8112013,2018,95.18532670997325,90.0
8112013,2019,98.12404287901991,90.0
8112013,2020,98.2361963190184,96.95652173913044
8112013,2021,98.80906646177488,98.69565217391305
8112013,2022,97.4260468689973,98.69565217391305
8112013,2023,96.26348228043143,98.69565217391305
8112013,2024,88.35774865073246,98.69565217391305
8112013,2025,0.0,0.0
8112001,2008,6.954528085594192,0.0
8112001,2009,6.304929308368361,0.0
8112001,2010,81.50554069545281,94.34782608695652
8112001,2011,84.10393580435613,88.69565217391305
8112001,2012,87.39014138326328,88.26086956521739
8112001,2013,88.95682078716086,80.0
8112001,2014,92.39587313717998,97.82608695652173
8112001,2015,96.82842949942682,87.3913043478261
8112001,2016,95.45280855941918,87.82608695652173
8112001,2017,98.20405043943447,90.0
8112001,2018,97.47802827665265,90.8695652173913
8112001,2019,98.20061255742726,90.8695652173913
8112001,2020,98.6579754601227,97.82608695652173
8112001,2021,98.77064925086438,97.82608695652173
8112001,2022,96.73453707260853,88.26086956521739
8112001,2023,86.94144838212635,84.78260869565217
8112001,2024,0.0,0.0
8112001,2025,0.0,0.0
8112003,2008,6.954528085594192,0.0
8112003,2009,6.304929308368361,0.0
8112003,2010,81.5437523882308,94.34782608695652
8112003,2011,83.41612533435232,88.69565217391305
8112003,2012,88.91860909438289,88.69565217391305
8112003,2013,88.99503247993886,80.0
8112003,2014,92.54871990829194,97.82608695652173
8112003,2015,96.82842949942682,87.3913043478261
8112003,2016,97.36339319831869,87.82608695652173
8112003,2017,98.24226213221246,90.0
8112003,2018,97.47802827665265,90.8695652173913
8112003,2019,98.23889739663093,90.8695652173913
8112003,2020,98.61963190184049,97.82608695652173
8112003,2021,98.80906646177488,97.82608695652173
8112003,2022,96.77295428351901,88.26086956521739
8112003,2023,89.25269645608628,84.78260869565217
8112003,2024,0.0,0.0
8112003,2025,0.0,0.0
8112024,2008,0.0,0.0
8112024,2009,0.0,0.0
8112024,2010,0.0,0.0
8112024,2011,13.068398930072602,2.608695652173913
8112024,2012,36.64501337409247,21.304347826086957
8112024,2013,69.43064577760795,38.26086956521739
8112024,2014,77.53152464654184,79.56521739130434
8112024,2015,82.11692777990065,90.43478260869566
8112024,2016,80.47382499044707,94.34782608695652
8112024,2017,78.41039358043561,91.73913043478261
8112024,2018,78.02827665265572,76.95652173913044
8112024,2019,77.0290964777948,69.1304347826087
8112024,2020,74.5398773006135,69.1304347826087
8112024,2021,68.68997310795237,63.91304347826087
8112024,2022,82.09757971571264,96.52173913043478
8112024,2023,8.320493066255779,26.08695652173913
8112024,2024,2.7756360832690823,7.391304347826087
8112024,2025,0.0,0.0
8112014,2008,1.9105846388995031,0.0
8112014,2009,4.3943446694688575,8.26086956521739
8112014,2010,7.107374856706152,13.91304347826087
8112014,2011,61.17692013756209,97.3913043478261
8112014,2012,80.4356132976691,80.43478260869566
8112014,2013,85.05922812380588,95.21739130434783
8112014,2014,85.17386320213986,95.21739130434783
8112014,2015,85.82346197936569,94.78260869565217
8112014,2016,86.8933893771494,98.26086956521739
8112014,2017,87.16087122659533,98.26086956521739
8112014,2018,87.42835307604126,98.69565217391305
8112014,2019,85.91117917304747,98.69565217391305
8112014,2020,88.07515337423312,99.1304347826087
8112014,2021,88.16749903956973,99.1304347826087
8112014,2022,87.43757203227045,98.69565217391305
8112014,2023,93.4899845916795,97.82608695652173
8112014,2024,86.58442559753277,88.26086956521739
8112014,2025,0.0,0.0
8423005,2008,0.0,0.0
8423005,2009,0.0,0.0
8423005,2010,0.0,0.0
8423005,2011,0.0,0.0
8423005,2012,0.0,0.0
8423005,2013,0.0,0.0
8423005,2014,0.0,0.0
8423005,2015,0.0,0.0
8423005,2016,0.0,0.0
8423005,2017,92.16660298051204,99.1304347826087
8423005,2018,98.96828429499426,99.1304347826087
8423005,2019,98.81316998468607,98.69565217391305
8423005,2020,99.23312883435582,99.1304347826087
8423005,2021,99.11640414905878,99.1304347826087
8423005,2022,99.46215904725317,99.56521739130434
8423005,2023,99.46070878274269,99.1304347826087
8423005,2024,92.71395528141866,98.26086956521739
8423005,2025,0.0,0.0
8423006,2008,0.0,0.0
8423006,2009,0.0,0.0
8423006,2010,0.0,0.0
8423006,2011,0.0,0.0
8423006,2012,0.0,0.0
8423006,2013,0.0,0.0
8423006,2014,0.0,0.0
8423006,2015,0.0,0.0
8423006,2016,0.0,0.0
8423006,2017,93.04547191440581,99.1304347826087
8423006,2018,98.96828429499426,99.1304347826087
8423006,2019,98.81316998468607,98.69565217391305
8423006,2020,99.23312883435582,99.1304347826087
8423006,2021,99.11640414905878,99.1304347826087
8423006,2022,99.46215904725317,99.56521739130434
8423006,2023,99.46070878274269,99.1304347826087
8423006,2024,92.71395528141866,98.26086956521739
8423006,2025,0.0,0.0
8423007,2008,0.0,0.0
8423007,2009,0.0,0.0
8423007,2010,0.0,0.0
8423007,2011,0.0,0.0
8423007,2012,0.0,0.0
8423007,2013,0.0,0.0
8423007,2014,0.0,0.0
8423007,2015,0.0,0.0
8423007,2016,0.0,0.0
8423007,2017,93.0836836071838,99.1304347826087
8423007,2018,99.04470768055025,99.1304347826087
8423007,2019,98.85145482388974,98.69565217391305
8423007,2020,99.27147239263803,99.1304347826087
8423007,2021,99.11640414905878,99.1304347826087
8423007,2022,99.50057625816366,99.56521739130434
8423007,2023,99.49922958397535,99.1304347826087
8423007,2024,92.71395528141866,98.26086956521739
8423007,2025,0.0,0.0
8123005,2008,3.2862055789071456,0.0
8123005,2009,4.8910966755827285,0.0
8123005,2010,7.909820405043943,0.0
8123005,2011,14.405808177302255,0.0
8123005,2012,21.474971341230418,0.0
8123005,2013,95.14711501719526,96.95652173913044
8123005,2014,95.14711501719526,97.3913043478261
8123005,2015,95.14711501719526,97.82608695652173
8123005,2016,95.41459686664119,97.3913043478261
8123005,2017,0.0,0.0
8123005,2018,0.0,0.0
8123005,2019,0.0,0.0
8123005,2020,0.0,0.0
8123005,2021,0.0,0.0
8123005,2022,0.0,0.0
8123005,2023,0.0,0.0
8123005,2024,0.0,0.0
8123005,2025,0.0,0.0
8123006,2008,3.2862055789071456,0.0
8123006,2009,4.8910966755827285,0.0
8123006,2010,7.833397019487963,0.0
8123006,2011,14.329384791746275,0.0
8123006,2012,21.054642720672526,13.91304347826087
8123006,2013,95.14711501719526,96.95652173913044
8123006,2014,95.10890332441727,96.95652173913044
8123006,2015,95.10890332441727,97.82608695652173
8123006,2016,95.41459686664119,97.3913043478261
8123006,2017,0.0,0.0
8123006,2018,0.0,0.0
8123006,2019,0.0,0.0
8123006,2020,0.0,0.0
8123006,2021,0.0,0.0
8123006,2022,0.0,0.0
8123006,2023,0.0,0.0
8123006,2024,0.0,0.0
8123006,2025,0.0,0.0
8123007,2008,2.292701566679404,0.0
8123007,2009,4.738249904470768,0.0
8123007,2010,9.552923194497517,0.0
8123007,2011,13.832632785632404,0.0
8123007,2012,20.557890714558656,13.91304347826087
8123007,2013,94.68857470385939,96.95652173913044
8123007,2014,94.49751623996943,97.3913043478261
8123007,2015,95.52923194497517,97.82608695652173
8123007,2016,95.91134887275506,97.3913043478261
8123007,2017,0.0,0.0
8123007,2018,0.0,0.0
8123007,2019,0.0,0.0
8123007,2020,0.0,0.0
8123007,2021,0.0,0.0
8123007,2022,0.0,0.0
8123007,2023,0.0,0.0
8123007,2024,0.0,0.0
8123007,2025,0.0,0.0
8213002,2008,89.10966755827283,96.52173913043478
8213002,2009,90.06495987772259,96.95652173913044
8213002,2010,90.29423003439052,94.34782608695652
8213002,2011,85.93809705769965,94.34782608695652
8213002,2012,90.48528849828047,97.3913043478261
8213002,2013,91.97554451662208,96.95652173913044
8213002,2014,87.23729461215132,97.82608695652173
8213002,2015,87.54298815437524,98.26086956521739
8213002,2016,86.47306075659152,97.82608695652173
8213002,2017,91.9373328238441,98.69565217391305
8213002,2018,92.58693160106992,88.69565217391305
8213002,2019,83.3843797856049,73.47826086956522
8213002,2020,92.29294478527608,88.69565217391305
8213002,2021,92.73914713791778,97.82608695652173
8213002,2022,92.31655781790242,99.1304347826087
8213002,2023,94.29892141756548,99.1304347826087
8213002,2024,81.84271395528143,98.26086956521739
8213002,2025,0.0,0.0
8109001,2008,73.21360336262896,67.3913043478261
8109001,2009,79.05999235766144,70.0
8109001,2010,78.14291173098968,68.26086956521739
8109001,2011,78.41039358043561,69.1304347826087
8109001,2012,21.054642720672526,35.21739130434783
8109001,2013,73.90141383263278,72.17391304347827
8109001,2014,75.65915170042032,71.30434782608695
8109001,2015,81.04700038211693,72.17391304347827
8109001,2016,82.6518914787925,73.04347826086956
8109001,2017,83.49254871990829,73.04347826086956
8109001,2018,83.26327856324035,73.47826086956522
8109001,2019,83.95865237366003,73.04347826086956
8109001,2020,84.16411042944786,73.47826086956522
8109001,2021,83.71110257395313,73.47826086956522
8109001,2022,97.57971571263926,89.56521739130434
8109001,2023,92.4884437596302,89.56521739130434
8109001,2024,0.0,0.0
8109001,2025,0.0,0.0
8109003,2008,0.0,0.0
8109003,2009,4.508979747802828,0.0
8109003,2010,76.69086740542606,67.3913043478261
8109003,2011,78.79251050821551,93.47826086956522
8109003,2012,36.568589988536495,46.08695652173913
8109003,2013,77.60794803209782,66.52173913043478
8109003,2014,84.75353458158196,93.91304347826087
8109003,2015,84.82995796713794,95.21739130434783
8109003,2016,86.09094382881162,97.82608695652173
8109003,2017,89.5682078716087,98.26086956521739
8109003,2018,96.06419564386702,98.26086956521739
8109003,2019,96.20980091883614,98.26086956521739
8109003,2020,95.70552147239263,90.0
8109003,2021,96.58086822896658,98.69565217391305
8109003,2022,96.69611986169804,99.1304347826087
8109003,2023,96.3020030816641,98.69565217391305
8109003,2024,82.18966846569005,88.26086956521739
8109003,2025,0.0,0.0
8401011,2008,0.0,0.0
8401011,2009,0.0,0.0
8401011,2010,0.0,0.0
8401011,2011,0.0,0.0
8401011,2012,0.0,0.0
8401011,2013,0.0,0.0
8401011,2014,0.0,0.0
8401011,2015,0.0,0.0
8401011,2016,0.0,0.0
8401011,2017,95.3381734810852,90.8695652173913
8401011,2018,95.45280855941918,97.82608695652173
8401011,2019,97.74119448698316,98.69565217391305
8401011,2020,97.96779141104294,98.26086956521739
8401011,2021,98.27122550902804,98.26086956521739
8401011,2022,98.65539761813292,99.1304347826087
8401011,2023,98.84437596302003,99.56521739130434
8401011,2024,90.7478797224364,97.82608695652173
8401011,2025,0.0,0.0
8401008,2008,0.0,0.0
8401008,2009,0.0,0.0
8401008,2010,0.0,0.0
8401008,2011,0.0,0.0
8401008,2012,0.0,0.0
8401008,2013,0.0,0.0
8401008,2014,0.0,0.0
8401008,2015,0.0,0.0
8401008,2016,0.0,0.0
8401008,2017,96.82842949942682,97.82608695652173
8401008,2018,97.43981658387466,97.82608695652173
8401008,2019,96.8989280245023,98.26086956521739
8401008,2020,97.7760736196319,98.26086956521739
8401008,2021,98.04072224356511,98.26086956521739
8401008,2022,98.57856319631195,98.69565217391305
8401008,2023,98.57473035439138,99.1304347826087
8401008,2024,90.63222821896684,97.82608695652173
8401008,2025,0.0,0.0
8201001,2008,0.4967520061138708,0.0
8201001,2009,0.4967520061138708,0.0
8201001,2010,0.8024455483377914,0.0
8201001,2011,2.5601834161253345,0.0
8201001,2012,7.069163163928162,3.0434782608695654
8201001,2013,16.77493312953764,3.0434782608695654
8201001,2014,89.33893771494077,80.0
8201001,2015,92.05196790217806,97.3913043478261
8201001,2016,92.58693160106992,97.82608695652173
8201001,2017,0.0,0.0
8201001,2018,0.0,0.0
8201001,2019,0.0,0.0
8201001,2020,0.0,0.0
8201001,2021,0.0,0.0
8201001,2022,0.0,0.0
8201001,2023,0.0,0.0
8201001,2024,0.0,0.0
8201001,2025,0.0,0.0
8013001,2008,88.26901031715705,89.1304347826087
8013001,2009,84.44784103935804,82.6086956521739
8013001,2010,88.53649216660298,83.47826086956522
8013001,2011,88.8421857088269,83.91304347826087
8013001,2012,91.40236912495223,96.08695652173913
8013001,2013,92.24302636606802,96.95652173913044
8013001,2014,92.81620175773787,96.95652173913044
8013001,2015,92.73977837218189,97.82608695652173
8013001,2016,95.10890332441727,97.3913043478261
8013001,2017,92.47229652273596,96.08695652173913
8013001,2018,91.1730989682843,96.08695652173913
8013001,2019,91.88361408882082,89.1304347826087
8013001,2020,89.34049079754601,93.47826086956522
8013001,2021,0.0,0.0
8013001,2022,0.0,0.0
8013001,2023,0.0,0.0
8013001,2024,0.0,0.0
8013001,2025,0.0,0.0
8013015,2008,0.0,0.0
8013015,2009,0.0,0.0
8013015,2010,72.56400458540314,81.30434782608695
8013015,2011,76.07948032097822,80.0
8013015,2012,78.52502865876959,94.78260869565217
8013015,2013,82.23156285823462,95.65217391304348
8013015,2014,82.91937332823844,94.34782608695652
8013015,2015,84.33320596102408,96.52173913043478
8013015,2016,81.77302254489874,93.47826086956522
8013015,2017,80.85594191822697,95.21739130434783
8013015,2018,81.1234237676729,94.78260869565217
8013015,2019,80.4364471669219,88.26086956521739
8013015,2020,82.86042944785277,91.30434782608695
8013015,2021,0.0,0.0
8013015,2022,0.0,0.0
8013015,2023,0.0,0.0
8013015,2024,0.0,0.0
8013015,2025,0.0,0.0
8313015,2008,0.0,0.0
8313015,2009,0.0,0.0
8313015,2010,73.63393198318686,80.8695652173913
8313015,2011,77.99006495987773,82.6086956521739
8313015,2012,79.02178066488345,93.91304347826087
8313015,2013,83.49254871990829,95.65217391304348
8313015,2014,84.638899503248,94.34782608695652
8313015,2015,84.06572411157815,96.95652173913044
8313015,2016,84.67711119602599,93.47826086956522
8313015,2017,82.80473824990447,95.21739130434783
8313015,2018,84.06572411157815,94.34782608695652
8313015,2019,83.30781010719755,88.26086956521739
8313015,2020,82.36196319018404,72.17391304347827
8313015,2021,87.70649250864388,97.82608695652173
8313015,2022,83.32693046484825,87.3913043478261
8313015,2023,81.35593220338983,70.0
8313015,2024,69.85350809560525,43.04347826086956
8313015,2025,0.0,0.0
8006001,2008,81.1616354604509,83.47826086956522
8006001,2009,81.39090561711883,96.52173913043478
8006001,2010,85.67061520825372,97.3913043478261
8006001,2011,88.23079862437906,95.21739130434783
8006001,2012,90.33244172716851,87.3913043478261
8006001,2013,91.59342758884219,88.26086956521739
8006001,2014,94.80320978219335,88.69565217391305
8006001,2015,93.50401222774168,88.69565217391305
8006001,2016,93.50401222774168,90.0
8006001,2017,95.41459686664119,93.47826086956522
8006001,2018,96.59915934275888,93.47826086956522
8006001,2019,94.48698315467075,89.56521739130434
8006001,2020,99.34815950920246,99.1304347826087
8006001,2021,99.19323857087976,99.1304347826087
8006001,2022,99.53899346907414,99.56521739130434
8006001,2023,94.02927580893683,98.69565217391305
8006001,2024,0.0,0.0
8006001,2025,0.0,0.0
8010001,2008,73.32823844096293,56.52173913043478
8010001,2009,74.93312953763852,83.47826086956522
8010001,2010,77.45510126098586,83.91304347826087
8010001,2011,80.12991975544517,83.47826086956522
8010001,2012,80.81773022544898,85.21739130434783
8010001,2013,81.62017577378678,74.34782608695652
8010001,2014,83.8364539549102,86.08695652173913
8010001,2015,83.72181887657624,87.82608695652173
8010001,2016,85.67061520825372,90.43478260869566
8010001,2017,86.2055789071456,92.17391304347827
8010001,2018,85.82346197936569,88.26086956521739
8010001,2019,87.55742725880552,90.0
8010001,2020,90.26073619631902,90.0
8010001,2021,89.8578563196312,90.0
8010001,2022,89.58893584325779,90.0
8010001,2023,88.36671802773498,92.6086956521739
8010001,2024,81.07170393215112,93.47826086956522
8010001,2025,0.0,0.0
8215001,2008,73.51929690485288,87.82608695652173
8215001,2009,78.56324035154758,84.78260869565217
8215001,2010,77.41688956820788,75.21739130434783
8215001,2011,79.9770729843332,84.34782608695652
8215001,2012,82.42262132212457,86.08695652173913
8215001,2013,81.73481085212075,88.26086956521739
8215001,2014,82.6518914787925,86.08695652173913
8215001,2015,84.02751241880016,88.69565217391305
8215001,2016,84.90638135269393,91.73913043478261
8215001,2017,84.638899503248,90.43478260869566
8215001,2018,84.638899503248,90.43478260869566
8215001,2019,90.42879019908116,89.56521739130434
8215001,2020,92.36963190184049,91.30434782608695
8215001,2021,92.7007299270073,92.17391304347827
8215001,2022,85.32462543219363,91.30434782608695
8215001,2023,86.40215716486902,91.30434782608695
8215001,2024,75.71318427139553,83.47826086956522
8215001,2025,0.0,0.0
8211001,2008,77.07298433320597,89.56521739130434
8211001,2009,77.53152464654184,83.91304347826087
8211001,2010,80.89415361100497,94.34782608695652
8211001,2011,82.42262132212457,94.34782608695652
8211001,2012,83.72181887657624,94.34782608695652
8211001,2013,83.60718379824226,94.78260869565217
8211001,2014,85.67061520825372,94.78260869565217
8211001,2015,84.71532288880397,83.04347826086956
8211001,2016,91.86090943828812,98.69565217391305
8211001,2017,86.01452044325563,98.69565217391305
8211001,2018,88.57470385938097,98.69565217391305
8211001,2019,92.11332312404288,98.69565217391305
8211001,2020,92.79141104294479,99.1304347826087
8211001,2021,86.74606223588168,89.1304347826087
8211001,2022,88.70533999231655,98.69565217391305
8211001,2023,88.55932203389831,99.56521739130434
8211001,2024,81.11025443330763,97.3913043478261
8211001,2025,0.0,0.0
8401003,2008,0.0,0.0
8401003,2009,0.0,0.0
8401003,2010,0.0,0.0
8401003,2011,0.0,0.0
8401003,2012,0.0,0.0
8401003,2013,0.0,0.0
8401003,2014,0.0,0.0
8401003,2015,0.0,0.0
8401003,2016,0.03821169277799007,0.0
8401003,2017,82.99579671379442,67.82608695652173
8401003,2018,84.90638135269393,60.0
8401003,2019,86.21745788667688,62.17391304347826
8401003,2020,83.97239263803681,45.21739130434783
8401003,2021,88.8590088359585,71.73913043478261
8401003,2022,88.78217441413753,70.43478260869566
8401003,2023,89.21417565485362,74.78260869565217
8401003,2024,84.19429452582884,75.65217391304348
8401003,2025,0.0,0.0
8401006,2008,0.0,0.0
8401006,2009,0.0,0.0
8401006,2010,0.0,0.0
8401006,2011,0.0,0.0
8401006,2012,0.0,0.0
8401006,2013,0.0,0.0
8401006,2014,0.0,0.0
8401006,2015,0.0,0.0
8401006,2016,0.03821169277799007,0.0
8401006,2017,56.056553305311425,60.43478260869565
8401006,2018,59.03706534199465,64.34782608695652
8401006,2019,58.192955589586525,59.56521739130435
8401006,2020,58.58895705521472,50.43478260869565
8401006,2021,60.968113714944295,72.6086956521739
8401006,2022,61.390703034959664,75.65217391304348
8401006,2023,62.057010785824346,77.3913043478261
8401006,2024,58.94371626831149,74.78260869565217
8401006,2025,0.0,0.0
8201003,2008,0.0,0.0
8201003,2009,0.0,0.0
8201003,2010,0.0,0.0
8201003,2011,0.0,0.0
8201003,2012,5.3878486816966,2.608695652173913
8201003,2013,4.088651127244937,0.0
8201003,2014,3.400840657241116,3.0434782608695654
8201003,2015,77.79900649598777,58.69565217391305
8201003,2016,79.63316774933129,73.04347826086956
8201003,2017,0.0,0.0
8201003,2018,0.0,0.0
8201003,2019,0.0,0.0
8201003,2020,0.0,0.0
8201003,2021,0.0,0.0
8201003,2022,0.0,0.0
8201003,2023,0.0,0.0
8201003,2024,0.0,0.0
8201003,2025,0.0,0.0
8007010,2008,65.30378295758501,56.08695652173913
8007010,2009,74.6274359954146,70.8695652173913
8007010,2010,78.79251050821551,93.91304347826087
8007010,2011,81.46732900267482,83.91304347826087
8007010,2012,81.19984715322889,93.91304347826087
8007010,2013,82.46083301490256,93.91304347826087
8007010,2014,81.84944593045472,79.1304347826087
8007010,2015,83.76003056935423,94.34782608695652
8007010,2016,84.67711119602599,96.95652173913044
8007010,2017,81.88765762323271,94.78260869565217
8007010,2018,84.40962934658005,97.3913043478261
8007010,2019,85.49004594180704,97.3913043478261
8007010,2020,85.62116564417178,98.26086956521739
8007010,2021,85.51671148674606,98.26086956521739
8007010,2022,84.09527468305801,86.95652173913044
8007010,2023,80.0462249614792,98.26086956521739
8007010,2024,0.0,0.0
8007010,2025,0.0,0.0
8018000,2008,0.1146350783339702,0.0
8018000,2009,0.6113870844478411,0.0
8018000,2010,0.6113870844478411,0.0
8018000,2011,0.6113870844478411,0.0
8018000,2012,0.6113870844478411,0.0
8018000,2013,0.6113870844478411,0.0
8018000,2014,80.47382499044707,81.73913043478261
8018000,2015,84.48605273213603,84.34782608695652
8018000,2016,87.00802445548338,89.56521739130434
8018000,2017,90.82919373328238,93.04347826086956
8018000,2018,91.97554451662208,92.6086956521739
8018000,2019,89.70137825421133,89.56521739130434
8018000,2020,94.09509202453988,98.26086956521739
8018000,2021,94.39108720706876,99.56521739130434
8018000,2022,94.66000768344219,99.56521739130434
8018000,2023,89.36825885978428,98.69565217391305
8018000,2024,0.0,0.0
8018000,2025,0.0,0.0
8440031,2008,0.0,0.0
8440031,2009,0.0,0.0
8440031,2010,0.0,0.0
8440031,2011,0.0,0.0
8440031,2012,0.0,0.0
8440031,2013,0.0,0.0
8440031,2014,0.0,0.0
8440031,2015,0.0,0.0
8440031,2016,0.0,0.0
8440031,2017,89.79747802827666,98.69565217391305
8440031,2018,89.26251432938479,98.69565217391305
8440031,2019,89.50995405819296,98.69565217391305
8440031,2020,84.77760736196319,78.69565217391305
8440031,2021,93.16173645793316,83.47826086956522
8440031,2022,90.01152516327315,81.73913043478261
8440031,2023,88.75192604006163,94.78260869565217
8440031,2024,76.83114880493446,76.08695652173913
8440031,2025,0.0,0.0
8014006,2008,0.0,0.0
8014006,2009,0.0,0.0
8014006,2010,0.0,0.0
8014006,2011,0.0,0.0
8014006,2012,76.27053878486817,68.26086956521739
8014006,2013,80.51203668322506,76.08695652173913
8014006,2014,83.7982422621322,94.34782608695652
8014006,2015,83.76003056935423,80.8695652173913
8014006,2016,84.98280473824991,80.8695652173913
8014006,2017,84.71532288880397,90.0
8014006,2018,85.32670997325181,98.26086956521739
8014006,2019,86.60030627871363,98.26086956521739
8014006,2020,82.43865030674847,97.82608695652173
8014006,2021,86.0545524394929,97.82608695652173
8014006,2022,85.70879754129851,87.82608695652173
8014006,2023,86.05546995377505,98.26086956521739
8014006,2024,77.52505782575173,87.82608695652173
8014006,2025,0.0,0.0
8155002,2008,55.13947267863966,61.73913043478261
8155002,2009,56.24761176920138,64.34782608695652
8155002,2010,58.54031333588078,67.3913043478261
8155002,2011,59.87772258311043,64.34782608695652
8155002,2012,61.86473060756592,56.08695652173913
8155002,2013,62.246847535345815,65.21739130434783
8155002,2014,62.62896446312572,65.21739130434783
8155002,2015,65.22735957202904,65.21739130434783
8155002,2016,61.9029423003439,65.65217391304348
8155002,2017,62.094000764233854,66.08695652173913
8155002,2018,65.57126480703096,71.73913043478261
8155002,2019,63.24655436447167,67.3913043478261
8155002,2020,56.556748466257666,61.30434782608695
8155002,2021,57.971571263926236,60.43478260869565
8155002,2022,57.7794852093738,62.17391304347826
8155002,2023,58.24345146379045,61.73913043478261
8155002,2024,52.390131071703934,44.34782608695652
8155002,2025,0.0,0.0
8106005,2008,0.0,0.0
8106005,2009,1.5284677111196026,0.0
8106005,2010,14.902560183416126,26.52173913043478
8106005,2011,46.46541841803592,54.78260869565217
8106005,2012,61.520825372564005,71.73913043478261
8106005,2013,66.71761559037066,74.78260869565217
8106005,2014,70.04203286205579,77.3913043478261
8106005,2015,72.75506304929308,79.56521739130434
8106005,2016,75.27703477264043,82.17391304347827
8106005,2017,77.53152464654184,80.8695652173913
8106005,2018,78.10470003821169,78.26086956521739
8106005,2019,76.95252679938744,66.08695652173913
8106005,2020,77.72239263803681,68.26086956521739
8106005,2021,80.75297733384556,88.26086956521739
8106005,2022,81.79024202842874,94.34782608695652
8106005,2023,81.81818181818181,93.91304347826087
8106005,2024,72.66769468003083,86.52173913043478
8106005,2025,0.0,0.0
8213003,2008,77.79900649598777,88.26086956521739
8213003,2009,83.37791364157432,86.95652173913044
8213003,2010,84.52426442491402,94.34782608695652
8213003,2011,83.68360718379824,94.34782608695652
8213003,2012,84.52426442491402,97.82608695652173
8213003,2013,81.50554069545281,97.3913043478261
8213003,2014,82.61367978601452,92.17391304347827
8213003,2015,82.38440962934658,93.47826086956522
8213003,2016,81.04700038211693,93.04347826086956
8213003,2017,83.7982422621322,98.69565217391305
8213003,2018,84.60068781047,88.69565217391305
8213003,2019,80.85758039816233,72.6086956521739
8213003,2020,84.8159509202454,88.26086956521739
8213003,2021,84.40261237034191,97.3913043478261
8213003,2022,83.98002305032655,98.69565217391305
8213003,2023,86.28659476117103,97.82608695652173
8213003,2024,74.6337702390131,95.65217391304348
8213003,2025,0.0,0.0
8213004,2008,0.0,0.0
8213004,2009,1.3756209400076422,0.0
8213004,2010,79.55674436377531,80.43478260869566
8213004,2011,84.52426442491402,94.34782608695652
8213004,2012,83.37791364157432,97.82608695652173
8213004,2013,82.07871608712266,97.3913043478261
8213004,2014,84.82995796713794,97.82608695652173
8213004,2015,84.94459304547192,98.26086956521739
8213004,2016,84.06572411157815,97.82608695652173
8213004,2017,84.71532288880397,98.69565217391305
8213004,2018,85.25028658769584,88.69565217391305
8213004,2019,81.39356814701378,73.47826086956522
8213004,2020,85.31441717791411,88.69565217391305
8213004,2021,84.86361890126777,97.82608695652173
8213004,2022,84.59469842489435,99.1304347826087
8213004,2023,86.36363636363636,98.26086956521739
8213004,2024,78.75867386276022,97.3913043478261
8213004,2025,0.0,0.0
9010002,2008,0.0,0.0
9010002,2009,0.0,0.0
9010002,2010,0.0,0.0
9010002,2011,0.0,0.0
9010002,2012,0.0,0.0
9010002,2013,0.0,0.0
9010002,2014,0.0,0.0
9010002,2015,0.0,0.0
9010002,2016,0.0,0.0
9010002,2017,0.0,0.0
9010002,2018,0.0,0.0
9010002,2019,0.0,0.0
9010002,2020,0.0,0.0
9010002,2021,0.0,0.0
9010002,2022,0.0,0.0
9010002,2023,0.0,0.0
9010002,2024,15.073245952197379,47.391304347826086
9010002,2025,81.07170393215112,96.52173913043478
9010003,2008,0.0,0.0
9010003,2009,0.0,0.0
9010003,2010,0.0,0.0
9010003,2011,0.0,0.0
9010003,2012,0.0,0.0
9010003,2013,0.0,0.0
9010003,2014,0.0,0.0
9010003,2015,0.0,0.0
9010003,2016,0.0,0.0
9010003,2017,0.0,0.0
9010003,2018,0.0,0.0
9010003,2019,0.0,0.0
9010003,2020,0.0,0.0
9010003,2021,0.0,0.0
9010003,2022,0.0,0.0
9010003,2023,0.0,0.0
9010003,2024,15.073245952197379,47.391304347826086
9010003,2025,82.99922898997687,96.52173913043478
7000005,2008,0.0,0.0
7000005,2009,0.0,0.0
7000005,2010,0.0,0.0
7000005,2011,0.0,0.0
7000005,2012,0.0,0.0
7000005,2013,0.0,0.0
7000005,2014,0.0,0.0
7000005,2015,0.0,0.0
7000005,2016,0.0,0.0
7000005,2017,0.0,0.0
7000005,2018,0.0,0.0
7000005,2019,0.0,0.0
7000005,2020,0.0,0.0
7000005,2021,95.15943142527853,98.69565217391305
7000005,2022,98.34805993084902,88.69565217391305
7000005,2023,91.4869029275809,99.1304347826087
7000005,2024,0.0,0.0
7000005,2025,0.0,0.0
8942001,2008,0.0,0.0
8942001,2009,0.0,0.0
8942001,2010,0.0,0.0
8942001,2011,0.0,0.0
8942001,2012,0.0,0.0
8942001,2013,0.0,0.0
8942001,2014,0.0,0.0
8942001,2015,0.0,0.0
8942001,2016,0.0,0.0
8942001,2017,71.1119602598395,56.95652173913044
8942001,2018,75.73557508597631,61.73913043478261
8942001,2019,76.03369065849924,63.04347826086956
8942001,2020,75.07668711656441,63.91304347826087
8942001,2021,75.64348828275067,62.17391304347826
8942001,2022,73.56895889358432,55.65217391304348
8942001,2023,73.34360554699538,60.0
8942001,2024,65.99845797995374,52.608695652173914
8942001,2025,0.0,0.0
