indicator,Алтайский край,Амурская область,Архангельская область,Астраханская область,Белгородская область,Брянская область,Владимирская область,Волгоградская область,Вологодская область,Воронежская область,Еврейская автономная область,Забайкальский край,Ивановская область,Иркутская область,Кабардино-Балкарская Республика,Калининградская область,Калужская область,Камчатский край,Карачаево-Черкесская Республика,Кемеровская область,Кировская область,Костромская область,Краснодарский край,Красноярский край,Курганская область,Курская область,Ленинградская область,Липецкая область,Магаданская область,Москва,Московская область,Мурманская область,Ненецкий автономный округ,Нижегородская область,Новгородская область,Новосибирская область,Омская область,Оренбургская область,Орловская область,Пензенская область,Пермский край,Приморский край,Псковская область,Республика Адыгея,Республика Алтай,Республика Башкортостан,Республика Бурятия,Республика Дагестан,Республика Ингушетия,Республика Калмыкия,Республика Карелия,Республика Коми,Республика Крым,Республика Марий Эл,Республика Мордовия,Республика Саха (Якутия),Республика Северная Осетия — Алания,Республика Татарстан,Республика Тыва,Республика Хакасия,Ростовская область,Рязанская область,Самарская область,Санкт-Петербург,Саратовская область,Сахалинская область,Свердловская область,Севастополь,Смоленская область,Ставропольский край,Тамбовская область,Тверская область,Томская область,Тульская область,Тюменская область,Удмуртская Республика,Ульяновская область,Хабаровский край,Ханты-Мансийский автономный округ — Югра,Челябинская область,Чеченская Республика,Чувашская Республика,Чукотский автономный округ,Ямало-Ненецкий автономный округ,Ярославская область
gmp_pc,100.0,99.55555555555556,99.50738916256158,99.03846153846155,100.0,100.0,99.37888198757764,100.0,100.0,100.0,100.0,99.28571428571429,100.0,100.0,98.07692307692307,100.0,100.0,92.85714285714286,100.0,87.4074074074074,99.72222222222223,100.0,99.71910112359551,99.3576017130621,100.0,100.0,100.0,100.0,100.0,87.41438356164383,94.55645161290323,92.64705882352942,100.0,99.7584541062802,100.0,87.5,100.0,97.61904761904762,100.0,99.58333333333333,98.62258953168043,99.63235294117648,100.0,100.0,100.0,99.79959919839679,100.0,99.75490196078431,91.66666666666666,100.0,100.0,100.0,100.0,100.0,100.0,100.0,87.5,100.0,100.0,100.0,100.0,87.87878787878788,100.0,99.21171171171171,99.40119760479041,100.0,99.29078014184397,78.75,100.0,96.21212121212122,100.0,87.53894080996885,98.75,100.0,100.0,100.0,100.0,100.0,100.0,94.76744186046511,100.0,100.0,100.0,100.0,100.0
wage,100.0,99.55555555555556,99.50738916256158,100.0,100.0,100.0,99.37888198757764,100.0,100.0,100.0,100.0,99.28571428571429,100.0,100.0,98.07692307692307,100.0,100.0,93.75,100.0,87.4074074074074,99.72222222222223,100.0,99.71910112359551,99.3576017130621,100.0,100.0,100.0,100.0,100.0,87.5,94.55645161290323,96.32352941176471,100.0,99.7584541062802,100.0,87.5,100.0,99.70238095238095,100.0,99.58333333333333,98.34710743801654,99.63235294117648,100.0,100.0,100.0,99.79959919839679,100.0,99.75490196078431,91.66666666666666,100.0,100.0,100.0,100.0,100.0,100.0,100.0,87.5,100.0,100.0,100.0,100.0,87.87878787878788,100.0,100.0,99.40119760479041,100.0,99.29078014184397,87.5,100.0,96.21212121212122,100.0,87.53894080996885,99.375,100.0,100.0,100.0,100.0,100.0,100.0,94.76744186046511,100.0,100.0,100.0,100.0,100.0
payroll_pc,100.0,99.55555555555556,99.50738916256158,99.03846153846155,100.0,100.0,99.37888198757764,100.0,100.0,100.0,100.0,99.28571428571429,100.0,100.0,98.07692307692307,100.0,100.0,92.85714285714286,100.0,87.4074074074074,99.72222222222223,100.0,99.71910112359551,99.3576017130621,100.0,100.0,100.0,100.0,100.0,87.41438356164383,94.55645161290323,92.64705882352942,100.0,99.7584541062802,100.0,87.5,100.0,97.61904761904762,100.0,99.58333333333333,98.62258953168043,99.63235294117648,100.0,100.0,100.0,99.79959919839679,100.0,99.75490196078431,91.66666666666666,100.0,100.0,100.0,100.0,100.0,100.0,100.0,87.5,100.0,100.0,100.0,100.0,87.87878787878788,100.0,99.21171171171171,99.40119760479041,100.0,99.29078014184397,78.75,100.0,96.21212121212122,100.0,87.53894080996885,98.75,100.0,100.0,100.0,100.0,100.0,100.0,94.76744186046511,100.0,100.0,100.0,100.0,100.0
shipped_pc,100.0,99.55555555555556,99.50738916256158,96.15384615384616,100.0,99.6078431372549,99.37888198757764,100.0,99.55357142857143,100.0,100.0,99.28571428571429,100.0,100.0,100.0,100.0,100.0,90.17857142857143,93.75,87.4074074074074,99.72222222222223,100.0,99.71910112359551,98.7152034261242,100.0,100.0,100.0,100.0,100.0,98.11643835616438,93.34677419354838,92.64705882352942,100.0,98.06763285024155,99.43181818181817,86.07142857142858,100.0,97.61904761904762,100.0,96.66666666666667,98.07162534435263,97.79411764705883,100.0,100.0,100.0,99.39879759519037,98.91304347826086,87.00980392156863,72.22222222222221,98.21428571428571,75.0,100.0,100.0,100.0,87.5,100.0,87.5,100.0,100.0,100.0,100.0,87.87878787878788,100.0,93.80630630630631,99.40119760479041,87.5,98.93617021276596,45.0,100.0,100.0,100.0,87.53894080996885,95.0,100.0,100.0,100.0,100.0,100.0,100.0,81.3953488372093,99.26470588235294,100.0,100.0,100.0,100.0
invest_pc,87.5,87.1111111111111,24.63054187192118,85.57692307692307,87.5,87.84313725490196,86.95652173913044,87.5,87.5,87.5,87.5,87.14285714285714,87.5,87.5,87.5,87.5,87.5,81.25,82.29166666666666,75.55555555555556,87.5,87.6068376068376,87.35955056179775,86.93790149892934,87.5,87.5,87.5,25.0,87.5,85.53082191780823,81.25,83.82352941176471,25.0,87.43961352657004,25.0,12.5,87.5,85.41666666666666,87.5,87.5,88.1542699724518,87.5,87.5,87.5,87.5,87.374749498998,0.0,22.54901960784314,23.61111111111111,25.0,25.0,87.5,80.5,87.5,73.36956521739131,25.0,73.61111111111111,87.5,86.8421052631579,87.5,87.5,12.554112554112553,87.5,82.9954954954955,87.42514970059881,86.80555555555556,84.9290780141844,78.75,87.5,87.5,86.25,12.461059190031152,86.875,87.5,87.5,25.0,87.5,87.5,87.5,81.3953488372093,87.5,25.0,87.5,87.5,87.66233766233766
invest_pc_nobudget,99.81884057971014,90.66666666666666,100.0,92.3076923076923,100.0,100.0,98.75776397515527,100.0,100.0,100.0,100.0,97.85714285714285,100.0,100.0,100.0,100.0,100.0,92.85714285714286,100.0,87.4074074074074,97.77777777777777,100.0,99.43820224719101,99.3576017130621,100.0,100.0,100.0,100.0,100.0,75.0,92.94354838709677,61.76470588235294,100.0,98.06763285024155,100.0,87.5,100.0,97.61904761904762,87.5,100.0,98.07162534435263,98.52941176470588,100.0,100.0,100.0,99.39879759519037,87.5,0.0,77.77777777777779,87.5,100.0,100.0,100.0,100.0,100.0,99.65277777777779,75.0,100.0,98.68421052631578,100.0,100.0,87.01298701298701,100.0,97.18468468468468,98.50299401197606,100.0,98.40425531914893,87.5,97.68518518518519,99.62121212121212,100.0,87.22741433021807,94.375,100.0,100.0,100.0,100.0,100.0,100.0,93.02325581395348,97.79411764705883,87.5,100.0,100.0,100.0
invest_share,87.5,87.1111111111111,24.63054187192118,86.53846153846155,87.5,87.84313725490196,86.95652173913044,87.5,87.5,87.5,87.5,86.78571428571429,87.5,87.5,85.57692307692307,87.5,87.5,82.14285714285714,82.29166666666666,75.18518518518519,87.5,87.6068376068376,87.07865168539325,86.93790149892934,87.5,87.5,87.5,25.0,87.5,73.71575342465754,79.03225806451613,87.5,25.0,87.43961352657004,25.0,12.5,87.5,87.20238095238095,87.5,87.5,87.05234159779614,87.5,87.5,87.5,87.5,87.374749498998,0.0,22.54901960784314,23.61111111111111,25.0,25.0,87.5,80.5,87.5,73.36956521739131,25.0,73.61111111111111,87.5,86.8421052631579,87.5,87.5,12.554112554112553,87.5,82.77027027027027,87.42514970059881,86.80555555555556,84.9290780141844,75.0,87.5,87.5,86.25,12.461059190031152,87.5,87.5,87.5,25.0,87.5,87.5,87.5,81.3953488372093,87.5,25.0,87.5,87.5,87.66233766233766
emp_share_A,75.54347826086956,69.33333333333334,52.70935960591133,67.3076923076923,100.0,76.86274509803923,67.70186335403726,81.9078947368421,78.57142857142857,88.97058823529412,66.66666666666666,40.0,26.38888888888889,73.80952380952381,46.15384615384615,35.79545454545455,38.94230769230769,64.28571428571429,30.208333333333332,31.48148148148148,66.11111111111111,35.47008547008547,98.87640449438202,56.74518201284796,63.942307692307686,89.77272727272727,90.97222222222221,94.375,13.88888888888889,2.910958904109589,46.16935483870967,26.47058823529412,100.0,45.410628019323674,49.43181818181818,67.14285714285714,79.54545454545455,52.976190476190474,93.05555555555556,65.0,51.515151515151516,50.36764705882353,36.05769230769231,72.22222222222221,38.63636363636363,73.14629258517033,57.065217391304344,62.745098039215684,51.388888888888886,38.392857142857146,91.66666666666666,73.125,54.50000000000001,72.79411764705883,63.58695652173913,70.48611111111111,30.555555555555557,94.16666666666667,56.57894736842105,20.192307692307693,69.54545454545455,49.78354978354979,52.36486486486487,1.2387387387387387,73.35329341317365,77.08333333333334,31.382978723404253,7.5,54.166666666666664,79.92424242424242,77.5,33.64485981308411,49.375,54.807692307692314,89.42307692307693,90.83333333333333,32.29166666666667,65.78947368421053,11.363636363636363,33.43023255813954,70.58823529411765,60.09615384615385,76.78571428571429,49.03846153846153,88.96103896103897
emp_share_B,0.5434782608695652,26.666666666666668,6.403940886699508,23.076923076923077,7.954545454545454,0.0,8.695652173913043,14.802631578947366,0.8928571428571428,2.5735294117647056,14.583333333333334,28.92857142857143,0.0,26.190476190476193,1.9230769230769231,6.8181818181818175,5.769230769230769,18.75,2.083333333333333,39.62962962962963,2.2222222222222223,0.4273504273504274,14.887640449438203,16.916488222698074,0.4807692307692308,0.7575757575757576,16.666666666666664,7.5,69.44444444444444,13.184931506849315,4.838709677419355,15.441176470588236,100.0,0.4830917874396135,2.272727272727273,10.357142857142858,0.7575757575757576,21.428571428571427,1.3888888888888888,0.4166666666666667,41.04683195592286,12.132352941176471,1.4423076923076923,12.5,0.0,28.256513026052104,23.369565217391305,3.1862745098039214,1.3888888888888888,7.142857142857142,25.0,31.25,11.0,2.2058823529411766,1.0869565217391304,28.819444444444443,1.3888888888888888,42.22222222222222,7.894736842105263,35.57692307692308,9.318181818181818,3.0303030303030303,32.0945945945946,2.9279279279279278,11.077844311377245,27.083333333333332,10.106382978723403,0.0,2.314814814814815,6.0606060606060606,0.0,0.0,26.25,5.288461538461538,11.538461538461538,40.0,3.6458333333333335,27.631578947368425,94.88636363636364,20.058139534883722,8.823529411764707,2.8846153846153846,55.35714285714286,77.88461538461539,6.493506493506493
emp_share_C,56.88405797101449,32.88888888888889,36.94581280788177,41.34615384615385,87.5,51.76470588235295,90.06211180124224,50.98684210526315,50.0,72.42647058823529,35.41666666666667,32.142857142857146,44.44444444444444,58.03571428571429,46.15384615384615,64.77272727272727,54.32692307692307,36.607142857142854,23.958333333333336,62.59259259259259,61.94444444444444,35.47008547008547,90.73033707865169,48.394004282655246,38.94230769230769,53.03030303030303,98.61111111111111,64.375,12.5,67.03767123287672,86.89516129032258,53.67647058823529,93.75,58.212560386473434,46.02272727272727,62.857142857142854,40.53030303030303,41.964285714285715,33.33333333333333,45.416666666666664,43.25068870523416,52.20588235294118,36.05769230769231,62.5,26.136363636363637,52.705410821643284,35.869565217391305,17.15686274509804,4.166666666666666,11.607142857142858,50.0,48.75,58.5,62.5,40.21739130434783,24.65277777777778,31.944444444444443,62.5,7.894736842105263,35.57692307692308,61.59090909090909,42.42424242424242,53.71621621621622,66.44144144144144,38.622754491017965,36.80555555555556,58.86524822695035,26.25,45.370370370370374,64.39393939393939,46.666666666666664,37.69470404984423,39.375,58.65384615384615,41.82692307692308,67.91666666666667,45.83333333333333,44.73684210526316,96.5909090909091,61.91860465116279,40.44117647058824,47.59615384615385,33.92857142857143,77.88461538461539,49.35064935064935
emp_share_D,95.28985507246377,78.66666666666666,81.2807881773399,64.42307692307693,100.0,85.88235294117646,83.22981366459628,52.63157894736842,91.51785714285714,96.32352941176471,81.25,65.71428571428571,59.25925925925925,95.53571428571429,32.69230769230769,38.06818181818182,33.65384615384615,49.107142857142854,61.458333333333336,84.07407407407408,80.0,81.19658119658119,89.04494382022472,84.58244111349036,96.63461538461539,87.12121212121212,77.08333333333334,52.5,77.77777777777779,15.83904109589041,64.11290322580645,73.52941176470588,81.25,73.91304347826086,68.18181818181817,79.64285714285714,93.93939393939394,58.333333333333336,89.35185185185185,53.75,77.96143250688705,37.13235294117647,94.23076923076923,43.05555555555556,59.09090909090909,90.5811623246493,73.91304347826086,11.76470588235294,4.166666666666666,8.928571428571429,98.61111111111111,75.625,46.0,100.0,82.6086956521739,76.73611111111111,22.22222222222222,100.0,13.157894736842104,90.38461538461539,50.45454545454545,19.047619047619047,94.5945945945946,9.684684684684685,74.25149700598801,55.55555555555556,68.08510638297872,15.0,68.05555555555556,93.18181818181817,44.166666666666664,75.70093457943925,66.25,36.53846153846153,98.5576923076923,83.33333333333334,91.66666666666666,63.1578947368421,98.29545454545455,48.837209302325576,84.55882352941177,80.76923076923077,41.07142857142857,92.3076923076923,96.1038961038961
emp_share_E,45.289855072463766,18.22222222222222,23.645320197044335,85.57692307692307,47.72727272727273,24.705882352941178,62.11180124223602,77.96052631578947,30.80357142857143,42.64705882352941,27.083333333333332,29.28571428571429,41.2037037037037,44.94047619047619,43.269230769230774,55.68181818181818,34.13461538461539,28.57142857142857,18.75,34.81481481481482,25.555555555555554,17.94871794871795,86.51685393258427,35.11777301927195,23.076923076923077,59.09090909090909,71.52777777777779,28.125,18.055555555555554,6.763698630136987,56.451612903225815,27.941176470588236,56.25,35.507246376811594,7.386363636363637,66.78571428571428,33.71212121212121,47.91666666666667,17.12962962962963,29.166666666666668,46.005509641873275,21.691176470588236,24.03846153846154,30.555555555555557,10.227272727272728,32.06412825651302,26.08695652173913,7.107843137254902,15.277777777777779,32.142857142857146,33.33333333333333,38.75,41.5,28.676470588235293,9.782608695652174,23.61111111111111,26.38888888888889,33.611111111111114,1.9736842105263157,57.692307692307686,55.90909090909091,20.77922077922078,48.986486486486484,3.8288288288288284,30.538922155688624,40.97222222222222,36.87943262411347,6.25,37.96296296296296,32.95454545454545,21.666666666666668,26.168224299065418,29.375,43.269230769230774,23.557692307692307,39.58333333333333,36.97916666666667,40.131578947368425,60.22727272727273,45.93023255813954,24.264705882352942,33.17307692307692,1.7857142857142856,65.38461538461539,50.0
emp_share_F,14.492753623188406,51.55555555555556,24.63054187192118,42.30769230769231,61.93181818181818,28.627450980392155,35.40372670807454,32.56578947368421,23.214285714285715,20.955882352941178,54.166666666666664,18.571428571428573,5.092592592592593,51.78571428571429,11.538461538461538,28.40909090909091,17.307692307692307,15.178571428571427,32.29166666666667,45.18518518518518,10.277777777777777,9.82905982905983,66.85393258426966,21.627408993576015,36.05769230769231,27.65151515151515,69.44444444444444,27.500000000000004,36.11111111111111,52.82534246575342,67.74193548387096,41.911764705882355,100.0,18.84057971014493,11.363636363636363,20.357142857142858,15.530303030303031,21.13095238095238,12.037037037037036,9.166666666666666,22.58953168044077,27.205882352941174,9.134615384615383,45.83333333333333,14.772727272727273,30.861723446893784,30.434782608695656,24.264705882352942,6.944444444444445,13.392857142857142,35.41666666666667,31.874999999999996,58.5,31.61764705882353,10.326086956521738,25.0,15.277777777777779,49.72222222222222,7.236842105263158,28.846153846153843,34.31818181818182,10.822510822510822,31.756756756756754,48.64864864864865,16.766467065868262,44.44444444444444,21.099290780141843,21.25,26.38888888888889,47.72727272727273,18.333333333333332,9.034267912772584,29.375,36.05769230769231,24.519230769230766,23.333333333333332,20.833333333333336,42.10526315789473,93.75,15.988372093023257,63.970588235294116,36.05769230769231,35.714285714285715,88.46153846153845,29.22077922077922
emp_share_G,90.57971014492753,66.66666666666666,88.66995073891626,93.26923076923077,96.02272727272727,92.54901960784314,93.7888198757764,94.73684210526315,96.875,100.0,45.83333333333333,71.78571428571429,93.05555555555556,79.46428571428571,65.38461538461539,86.93181818181817,99.03846153846155,30.357142857142854,56.25,82.5925925925926,98.33333333333333,81.62393162393163,99.71910112359551,85.01070663811564,93.26923076923077,95.07575757575758,100.0,100.0,38.88888888888889,80.13698630136986,93.34677419354838,74.26470588235294,100.0,97.82608695652173,97.72727272727273,85.35714285714285,97.72727272727273,95.53571428571429,86.11111111111111,99.58333333333333,95.86776859504133,65.07352941176471,99.03846153846155,87.5,84.0909090909091,99.39879759519037,84.78260869565217,21.813725490196077,22.22222222222222,58.03571428571429,100.0,98.125,91.5,97.79411764705883,87.5,82.29166666666666,63.888888888888886,100.0,10.526315789473683,86.53846153846155,98.4090909090909,79.22077922077922,97.97297297297297,76.6891891891892,96.40718562874252,64.58333333333334,95.2127659574468,42.5,91.20370370370371,84.84848484848484,93.33333333333333,71.96261682242991,78.125,92.3076923076923,92.78846153846155,96.66666666666667,97.39583333333334,60.526315789473685,100.0,86.9186046511628,52.94117647058824,92.78846153846155,98.21428571428571,90.38461538461539,100.0
emp_share_H,78.62318840579711,84.0,85.71428571428571,56.730769230769226,77.27272727272727,41.17647058823529,90.6832298136646,92.10526315789474,68.75,71.32352941176471,66.66666666666666,73.57142857142858,28.240740740740737,86.90476190476191,24.03846153846154,46.02272727272727,47.11538461538461,43.75,37.5,81.11111111111111,85.27777777777777,54.700854700854705,95.2247191011236,83.08351177730194,47.59615384615385,85.60606060606061,88.19444444444444,83.125,80.55555555555556,52.054794520547944,73.18548387096774,53.67647058823529,100.0,57.971014492753625,55.11363636363637,76.78571428571429,96.96969696969697,61.904761904761905,31.48148148148148,55.00000000000001,67.76859504132231,71.32352941176471,89.42307692307693,43.05555555555556,18.181818181818183,73.94789579158316,63.04347826086957,12.009803921568627,20.833333333333336,21.428571428571427,62.5,62.5,52.0,72.05882352941177,51.08695652173913,80.55555555555556,30.555555555555557,88.05555555555556,5.263157894736842,47.11538461538461,75.68181818181819,39.82683982683983,95.27027027027027,49.0990990990991,49.40119760479042,69.44444444444444,55.14184397163121,26.25,73.14814814814815,64.01515151515152,58.333333333333336,45.794392523364486,55.625,80.76923076923077,82.6923076923077,64.58333333333334,53.125,71.05263157894737,97.1590909090909,44.18604651162791,44.11764705882353,50.96153846153846,100.0,98.07692307692307,93.5064935064935
emp_share_I,59.05797101449275,29.333333333333332,19.704433497536947,45.19230769230769,54.54545454545454,32.549019607843135,61.49068322981367,23.684210526315788,30.357142857142854,38.23529411764706,54.166666666666664,23.92857142857143,16.203703703703702,33.63095238095239,9.615384615384617,19.318181818181817,33.65384615384615,24.107142857142858,23.958333333333336,61.48148148148148,36.11111111111111,57.26495726495726,81.46067415730337,27.40899357601713,13.461538461538462,79.54545454545455,63.19444444444444,47.5,13.88888888888889,27.73972602739726,70.96774193548387,46.32352941176471,62.5,32.850241545893724,31.25,39.64285714285714,23.106060606060606,29.761904761904763,18.98148148148148,13.333333333333334,70.24793388429752,41.911764705882355,23.557692307692307,22.22222222222222,21.59090909090909,39.278557114228455,37.5,5.147058823529411,1.3888888888888888,6.25,32.63888888888889,40.0,43.0,32.35294117647059,15.217391304347828,18.055555555555554,9.722222222222223,29.166666666666668,5.921052631578947,25.0,30.681818181818183,11.688311688311687,26.351351351351347,20.833333333333336,26.94610778443114,79.16666666666666,42.37588652482269,33.75,20.833333333333336,35.984848484848484,35.833333333333336,23.67601246105919,31.25,27.884615384615387,32.21153846153847,37.5,86.45833333333334,28.289473684210524,82.38636363636364,38.08139534883721,10.294117647058822,26.923076923076923,42.857142857142854,62.5,54.54545454545454
emp_share_J,21.195652173913043,38.22222222222222,38.42364532019704,27.884615384615387,62.5,57.647058823529406,71.42857142857143,33.55263157894737,41.964285714285715,36.39705882352941,18.75,40.714285714285715,29.166666666666668,75.59523809523809,14.423076923076922,16.477272727272727,31.73076923076923,13.392857142857142,8.333333333333332,64.44444444444444,28.055555555555557,51.70940170940172,92.69662921348315,63.811563169164884,60.57692307692307,37.5,61.80555555555556,41.875,70.83333333333334,53.68150684931506,71.37096774193549,54.41176470588235,75.0,46.61835748792271,26.136363636363637,62.5,72.72727272727273,43.452380952380956,25.0,22.083333333333332,46.28099173553719,43.01470588235294,21.153846153846153,58.333333333333336,34.090909090909086,74.34869739478958,32.065217391304344,15.686274509803921,22.22222222222222,7.142857142857142,25.694444444444443,48.75,46.0,41.911764705882355,10.326086956521738,94.79166666666666,33.33333333333333,96.38888888888889,9.868421052631579,34.61538461538461,34.090909090909086,18.181818181818183,65.2027027027027,39.86486486486486,43.41317365269461,52.083333333333336,44.680851063829785,18.75,53.24074074074075,31.818181818181817,47.083333333333336,10.2803738317757,30.0,36.05769230769231,50.0,39.166666666666664,24.479166666666664,35.526315789473685,97.1590909090909,39.53488372093023,26.47058823529412,33.65384615384615,25.0,84.61538461538461,53.896103896103895
emp_share_K,75.54347826086956,70.22222222222221,75.36945812807882,53.84615384615385,98.29545454545455,68.62745098039215,60.24844720496895,41.118421052631575,72.76785714285714,98.16176470588235,43.75,65.0,69.9074074074074,72.61904761904762,29.807692307692307,30.113636363636363,25.48076923076923,25.892857142857146,16.666666666666664,69.62962962962963,74.44444444444444,61.111111111111114,99.15730337078652,66.59528907922912,41.34615384615385,71.21212121212122,85.41666666666666,66.875,41.66666666666667,46.74657534246575,77.01612903225806,61.029411764705884,43.75,73.67149758454107,57.38636363636363,56.42857142857143,71.5909090909091,59.226190476190474,60.18518518518518,23.333333333333332,78.23691460055096,62.13235294117647,35.09615384615385,27.77777777777778,29.545454545454547,92.98597194388778,74.45652173913044,13.970588235294118,37.5,8.035714285714286,63.888888888888886,85.0,77.5,79.41176470588235,55.97826086956522,52.083333333333336,22.22222222222222,97.77777777777777,5.263157894736842,81.73076923076923,70.9090909090909,25.541125541125542,77.02702702702703,43.58108108108108,69.16167664670658,70.13888888888889,60.46099290780141,20.0,31.01851851851852,55.68181818181818,56.25,49.22118380062305,78.75,47.59615384615385,68.75,74.58333333333333,68.75,52.63157894736842,94.88636363636364,50.872093023255815,33.82352941176471,88.46153846153845,37.5,79.8076923076923,72.72727272727273
emp_share_L,31.88405797101449,21.777777777777775,38.42364532019704,43.269230769230774,57.38636363636363,56.07843137254902,81.36645962732919,68.0921052631579,47.767857142857146,30.14705882352941,37.5,34.64285714285714,43.98148148148148,43.452380952380956,8.653846153846153,48.29545454545455,45.19230769230769,28.57142857142857,20.833333333333336,57.03703703703704,24.444444444444443,25.64102564102564,57.02247191011236,43.897216274089935,46.15384615384615,18.181818181818183,81.25,32.5,19.444444444444446,72.68835616438356,85.08064516129032,54.41176470588235,93.75,62.31884057971014,27.84090909090909,57.49999999999999,97.34848484848484,22.916666666666664,30.09259259259259,17.5,34.15977961432507,61.029411764705884,29.807692307692307,37.5,56.81818181818182,37.07414829659319,26.6304347826087,12.254901960784313,15.277777777777779,7.142857142857142,49.30555555555556,46.875,73.5,41.17647058823529,16.304347826086957,37.15277777777778,18.055555555555554,84.44444444444444,5.921052631578947,50.0,52.5,15.584415584415584,78.71621621621621,58.8963963963964,30.83832335329341,62.5,42.5531914893617,28.749999999999996,41.66666666666667,40.53030303030303,43.75,15.264797507788161,23.75,51.442307692307686,27.403846153846157,22.5,44.79166666666667,42.10526315789473,68.75,31.976744186046513,22.794117647058822,40.38461538461539,23.214285714285715,85.57692307692307,42.857142857142854
emp_share_M,68.65942028985508,78.22222222222223,78.81773399014779,77.88461538461539,94.88636363636364,88.23529411764706,88.81987577639751,74.3421052631579,62.5,97.42647058823529,77.08333333333334,79.28571428571428,46.2962962962963,92.26190476190477,30.76923076923077,66.47727272727273,60.09615384615385,62.5,80.20833333333334,82.5925925925926,38.611111111111114,61.111111111111114,99.71910112359551,82.44111349036403,68.75,78.03030303030303,88.88888888888889,90.625,83.33333333333334,69.52054794520548,87.29838709677419,73.52941176470588,93.75,85.26570048309179,54.54545454545454,85.71428571428571,100.0,79.46428571428571,37.03703703703704,61.66666666666667,80.99173553719008,68.01470588235294,14.423076923076922,100.0,70.45454545454545,99.19839679358718,98.91304347826086,41.42156862745098,22.22222222222222,50.0,61.80555555555556,96.875,81.5,78.67647058823529,48.91304347826087,89.58333333333334,36.11111111111111,96.11111111111111,42.76315789473684,68.26923076923077,85.45454545454545,61.471861471861466,84.7972972972973,59.23423423423423,85.62874251497006,90.27777777777779,63.829787234042556,25.0,56.018518518518526,87.5,76.25,46.10591900311526,53.75,81.25,55.769230769230774,89.58333333333334,76.5625,72.36842105263158,98.29545454545455,56.68604651162791,42.64705882352941,67.78846153846155,42.857142857142854,100.0,88.31168831168831
emp_share_N,18.84057971014493,56.44444444444444,29.064039408866993,66.34615384615384,83.52272727272727,77.25490196078432,88.81987577639751,78.94736842105263,35.267857142857146,62.13235294117647,31.25,20.0,50.0,74.70238095238095,12.5,27.27272727272727,30.76923076923077,38.392857142857146,39.58333333333333,71.48148148148148,45.55555555555556,23.076923076923077,84.8314606741573,60.599571734475376,83.17307692307693,75.0,64.58333333333334,42.5,30.555555555555557,43.83561643835616,73.99193548387096,57.35294117647059,100.0,80.43478260869566,31.818181818181817,85.0,65.15151515151516,52.083333333333336,29.629629629629626,46.666666666666664,59.77961432506888,45.955882352941174,23.076923076923077,95.83333333333334,25.0,53.106212424849694,68.47826086956522,30.14705882352941,36.11111111111111,24.107142857142858,34.72222222222222,58.75,55.00000000000001,44.85294117647059,50.0,33.68055555555556,48.61111111111111,40.0,5.263157894736842,50.96153846153846,81.36363636363636,20.346320346320347,69.25675675675676,38.513513513513516,57.18562874251497,47.91666666666667,58.687943262411345,11.25,44.44444444444444,67.8030303030303,67.91666666666667,54.51713395638629,34.375,48.07692307692308,38.46153846153847,75.41666666666667,56.770833333333336,32.23684210526316,97.72727272727273,34.01162790697674,19.11764705882353,62.980769230769226,39.285714285714285,90.38461538461539,75.32467532467533
emp_share_O,100.0,99.55555555555556,98.0295566502463,97.11538461538461,100.0,100.0,99.37888198757764,100.0,100.0,100.0,100.0,99.28571428571429,100.0,100.0,98.07692307692307,100.0,100.0,93.75,100.0,87.4074074074074,99.72222222222223,100.0,99.71910112359551,99.3576017130621,100.0,100.0,100.0,100.0,100.0,55.90753424657534,94.55645161290323,77.94117647058823,100.0,98.06763285024155,100.0,87.5,100.0,98.51190476190477,100.0,99.58333333333333,98.34710743801654,97.79411764705883,100.0,100.0,100.0,99.39879759519037,100.0,99.50980392156863,91.66666666666666,100.0,100.0,100.0,100.0,100.0,87.5,99.65277777777779,87.5,100.0,100.0,100.0,100.0,87.87878787878788,100.0,71.28378378378379,99.40119760479041,100.0,97.87234042553192,37.5,100.0,96.21212121212122,100.0,87.53894080996885,95.0,95.67307692307693,100.0,100.0,100.0,100.0,100.0,93.02325581395348,100.0,100.0,100.0,100.0,100.0
emp_share_P,100.0,99.55555555555556,99.50738916256158,97.11538461538461,100.0,100.0,99.37888198757764,100.0,100.0,100.0,100.0,99.28571428571429,100.0,100.0,98.07692307692307,100.0,100.0,86.60714285714286,100.0,87.4074074074074,99.72222222222223,100.0,99.71910112359551,99.3576017130621,100.0,100.0,100.0,100.0,100.0,77.48287671232876,94.35483870967742,77.94117647058823,100.0,98.06763285024155,100.0,87.5,100.0,98.51190476190477,100.0,99.58333333333333,98.34710743801654,97.79411764705883,100.0,100.0,100.0,99.39879759519037,100.0,99.75490196078431,90.27777777777779,100.0,100.0,100.0,100.0,100.0,87.5,100.0,87.5,100.0,100.0,100.0,100.0,87.87878787878788,100.0,87.72522522522522,99.10179640718563,100.0,96.45390070921985,70.0,100.0,96.21212121212122,100.0,87.53894080996885,95.0,96.63461538461539,96.15384615384616,100.0,100.0,100.0,100.0,93.02325581395348,100.0,100.0,100.0,100.0,100.0
emp_share_Q,71.01449275362319,87.1111111111111,90.14778325123153,97.11538461538461,100.0,90.98039215686275,91.30434782608695,94.73684210526315,96.875,91.91176470588235,83.33333333333334,83.21428571428572,85.18518518518519,82.14285714285714,69.23076923076923,89.77272727272727,57.21153846153846,84.82142857142857,50.0,87.03703703703704,96.11111111111111,74.78632478632478,99.71910112359551,90.14989293361884,95.67307692307693,94.31818181818183,100.0,80.625,95.83333333333334,66.26712328767124,87.90322580645162,75.0,100.0,98.06763285024155,98.86363636363636,86.07142857142858,84.0909090909091,91.96428571428571,79.62962962962963,46.25,87.05234159779614,87.86764705882352,99.51923076923077,97.22222222222221,90.9090909090909,96.9939879759519,97.28260869565217,69.6078431372549,65.27777777777779,100.0,100.0,100.0,87.5,94.11764705882352,77.71739130434783,97.22222222222221,86.11111111111111,100.0,51.973684210526315,73.07692307692307,96.13636363636363,39.39393939393939,97.63513513513513,68.58108108108108,68.8622754491018,88.88888888888889,75.35460992907801,26.25,72.68518518518519,90.15151515151516,65.83333333333333,81.61993769470405,71.25,92.3076923076923,90.86538461538461,84.16666666666667,92.70833333333334,84.21052631578947,92.04545454545455,88.0813953488372,82.35294117647058,88.46153846153845,100.0,93.26923076923077,98.7012987012987
emp_share_R,65.57971014492753,85.33333333333334,92.61083743842364,89.42307692307693,100.0,76.47058823529412,99.37888198757764,97.36842105263158,98.66071428571429,95.22058823529412,100.0,84.28571428571429,100.0,97.91666666666666,97.11538461538461,77.27272727272727,84.13461538461539,91.96428571428571,98.95833333333334,84.07407407407408,90.83333333333333,88.88888888888889,99.71910112359551,98.50107066381156,69.71153846153845,95.83333333333334,100.0,98.75,88.88888888888889,63.784246575342465,93.75,73.52941176470588,100.0,91.30434782608695,95.45454545454545,85.71428571428571,93.93939393939394,82.73809523809523,83.79629629629629,82.91666666666667,90.633608815427,81.61764705882352,50.96153846153846,90.27777777777779,95.45454545454545,92.38476953907816,99.45652173913044,84.55882352941177,90.27777777777779,83.92857142857143,100.0,100.0,86.0,89.70588235294117,77.17391304347827,100.0,87.5,98.05555555555556,96.05263157894737,100.0,99.54545454545455,79.65367965367966,89.52702702702703,55.63063063063063,74.55089820359282,100.0,81.38297872340425,70.0,96.29629629629629,96.21212121212122,75.41666666666667,74.45482866043614,60.62499999999999,90.86538461538461,56.730769230769226,92.08333333333333,91.66666666666666,94.73684210526315,98.29545454545455,90.69767441860465,94.85294117647058,70.67307692307693,83.92857142857143,100.0,95.45454545454545
emp_share_S,12.318840579710146,24.88888888888889,22.167487684729064,39.42307692307692,72.1590909090909,22.35294117647059,40.37267080745342,33.55263157894737,23.660714285714285,25.36764705882353,27.083333333333332,12.142857142857142,26.38888888888889,31.845238095238095,13.461538461538462,32.38636363636363,20.192307692307693,13.392857142857142,9.375,34.074074074074076,11.666666666666666,15.384615384615385,76.12359550561798,18.629550321199144,9.134615384615383,23.484848484848484,79.86111111111111,17.5,12.5,36.90068493150685,55.24193548387096,22.794117647058822,62.5,21.497584541062803,17.613636363636363,33.57142857142857,32.196969696969695,19.047619047619047,15.277777777777779,12.5,8.81542699724518,12.132352941176471,18.75,30.555555555555557,12.5,20.440881763527056,9.782608695652174,5.637254901960785,16.666666666666664,8.035714285714286,20.833333333333336,20.625,27.500000000000004,24.264705882352942,4.891304347826087,8.333333333333332,16.666666666666664,20.27777777777778,5.921052631578947,23.076923076923077,33.409090909090914,9.956709956709958,25.33783783783784,27.25225225225225,24.550898203592812,18.055555555555554,28.900709219858157,16.25,23.14814814814815,23.863636363636363,12.5,16.822429906542055,8.125,24.03846153846154,15.865384615384615,14.583333333333334,8.333333333333332,13.815789473684212,55.11363636363637,20.63953488372093,30.14705882352941,13.461538461538462,7.142857142857142,51.92307692307693,50.0
hhi_emp,100.0,99.55555555555556,99.50738916256158,97.11538461538461,100.0,100.0,99.37888198757764,100.0,100.0,100.0,100.0,99.28571428571429,100.0,100.0,98.07692307692307,100.0,100.0,93.75,100.0,87.4074074074074,99.72222222222223,100.0,99.71910112359551,99.3576017130621,100.0,100.0,100.0,100.0,100.0,84.76027397260275,94.55645161290323,77.94117647058823,100.0,98.06763285024155,100.0,87.5,100.0,98.51190476190477,100.0,99.58333333333333,98.34710743801654,97.79411764705883,100.0,100.0,100.0,99.39879759519037,100.0,99.75490196078431,91.66666666666666,100.0,100.0,100.0,100.0,100.0,87.5,100.0,87.5,100.0,100.0,100.0,100.0,87.87878787878788,100.0,93.01801801801803,99.40119760479041,100.0,97.87234042553192,87.5,100.0,96.21212121212122,100.0,87.53894080996885,95.0,98.07692307692307,100.0,100.0,100.0,100.0,100.0,93.02325581395348,100.0,100.0,100.0,100.0,100.0
manuf_shipped_pc,14.130434782608695,14.222222222222221,19.704433497536947,23.076923076923077,77.27272727272727,39.21568627450981,85.71428571428571,26.973684210526315,27.232142857142854,60.29411764705882,33.33333333333333,17.857142857142858,31.01851851851852,38.392857142857146,39.42307692307692,52.27272727272727,40.86538461538461,21.428571428571427,19.791666666666664,44.074074074074076,20.555555555555554,23.076923076923077,76.40449438202246,30.406852248394006,27.884615384615387,20.454545454545457,99.30555555555556,50.625,11.11111111111111,61.044520547945204,75.60483870967742,38.970588235294116,62.5,40.09661835748793,36.93181818181818,27.500000000000004,6.8181818181818175,22.916666666666664,29.629629629629626,59.583333333333336,33.608815426997246,27.205882352941174,22.115384615384613,44.44444444444444,10.227272727272728,34.2685370741483,9.782608695652174,10.784313725490197,4.166666666666666,0.8928571428571428,24.305555555555554,33.75,62.5,33.088235294117645,20.108695652173914,20.13888888888889,22.22222222222222,53.333333333333336,5.921052631578947,30.76923076923077,43.18181818181818,29.004329004329005,46.95945945945946,61.03603603603604,25.449101796407188,70.13888888888889,46.09929078014184,16.25,37.96296296296296,42.803030303030305,26.25,32.087227414330215,31.874999999999996,62.019230769230774,28.846153846153843,40.0,33.33333333333333,25.0,76.70454545454545,38.372093023255815,26.47058823529412,31.73076923076923,19.642857142857142,58.65384615384615,46.75324675324675
agri_output_pc,87.5,87.1111111111111,82.75862068965517,81.73076923076923,87.5,87.84313725490196,86.95652173913044,87.5,81.25,87.5,75.0,85.35714285714285,87.5,86.90476190476191,84.61538461538461,82.38636363636364,87.5,73.21428571428571,86.45833333333334,75.55555555555556,84.44444444444444,87.6068376068376,86.51685393258427,86.93790149892934,87.5,75.0,87.5,87.5,87.5,0.0,81.65322580645162,64.70588235294117,87.5,85.99033816425121,83.52272727272727,74.28571428571429,87.5,85.41666666666666,81.01851851851852,87.5,86.50137741046832,85.66176470588235,87.5,87.5,87.5,86.97394789579158,75.0,0.0,87.5,87.5,50.0,87.5,77.0,77.20588235294117,87.5,87.5,75.0,87.5,87.5,87.5,87.5,73.59307359307358,87.5,0.0,81.1377245508982,87.5,85.99290780141844,0.0,87.5,87.5,87.5,75.70093457943925,83.125,70.1923076923077,87.5,76.25,87.5,87.5,87.5,83.13953488372093,87.5,82.6923076923077,82.14285714285714,86.53846153846155,79.22077922077922
manuf_orgs_per_10k,10.507246376811594,4.444444444444445,15.763546798029557,16.346153846153847,45.45454545454545,32.15686274509804,67.08074534161491,19.407894736842106,21.428571428571427,40.80882352941176,29.166666666666668,5.357142857142857,21.75925925925926,15.178571428571427,31.73076923076923,39.77272727272727,34.61538461538461,24.107142857142858,16.666666666666664,27.037037037037038,14.722222222222223,14.102564102564102,68.82022471910112,20.556745182012847,10.096153846153847,13.636363636363635,86.80555555555556,37.5,1.3888888888888888,61.47260273972602,75.0,13.23529411764706,50.0,34.78260869565217,29.545454545454547,21.785714285714285,8.333333333333332,16.964285714285715,18.51851851851852,22.083333333333332,27.548209366391184,21.323529411764707,10.576923076923077,36.11111111111111,12.5,26.252505010020037,5.434782608695652,3.1862745098039214,0.0,6.25,25.694444444444443,13.125,52.0,21.323529411764707,19.021739130434785,5.208333333333334,9.722222222222223,42.22222222222222,1.9736842105263157,22.115384615384613,33.409090909090914,26.406926406926406,32.432432432432435,57.0945945945946,14.071856287425149,11.805555555555555,35.1063829787234,18.75,31.01851851851852,31.060606060606062,16.666666666666664,23.05295950155763,13.125,49.519230769230774,22.115384615384613,21.25,19.791666666666664,28.289473684210524,32.38636363636363,36.04651162790697,12.5,19.71153846153846,12.5,16.346153846153847,40.25974025974026
employment_ratio,100.0,98.66666666666667,98.52216748768473,92.3076923076923,100.0,100.0,99.37888198757764,100.0,100.0,100.0,100.0,98.57142857142858,100.0,100.0,98.07692307692307,100.0,100.0,92.85714285714286,100.0,87.4074074074074,97.77777777777777,100.0,99.71910112359551,85.65310492505354,100.0,100.0,100.0,98.75,100.0,25.0,92.74193548387096,70.58823529411765,100.0,98.06763285024155,100.0,85.71428571428571,100.0,97.61904761904762,98.61111111111111,99.58333333333333,97.7961432506887,97.05882352941177,100.0,100.0,100.0,99.39879759519037,84.23913043478261,93.38235294117648,0.0,73.21428571428571,99.30555555555556,100.0,85.5,100.0,87.5,100.0,87.5,100.0,98.68421052631578,100.0,100.0,87.87878787878788,99.66216216216216,0.0,95.20958083832335,97.91666666666666,97.87234042553192,0.0,100.0,96.21212121212122,100.0,87.53894080996885,95.0,100.0,100.0,100.0,100.0,100.0,100.0,93.02325581395348,86.76470588235294,100.0,100.0,100.0,100.0
budget_own_share,99.81884057971014,99.55555555555556,99.50738916256158,92.3076923076923,100.0,100.0,99.37888198757764,100.0,60.71428571428571,88.60294117647058,93.75,83.92857142857143,90.27777777777779,99.10714285714286,87.5,100.0,99.51923076923077,92.85714285714286,94.79166666666666,61.85185185185185,97.77777777777777,63.24786324786324,99.71910112359551,98.7152034261242,100.0,98.10606060606061,99.30555555555556,100.0,87.5,7.277397260273973,86.49193548387096,59.55882352941176,100.0,98.06763285024155,97.72727272727273,80.71428571428572,100.0,97.61904761904762,98.61111111111111,99.58333333333333,98.34710743801654,97.05882352941177,100.0,100.0,100.0,99.19839679358718,36.95652173913043,29.411764705882355,45.83333333333333,39.285714285714285,95.13888888888889,100.0,87.0,73.52941176470588,100.0,72.91666666666666,48.61111111111111,100.0,98.02631578947368,100.0,100.0,87.44588744588745,100.0,0.0,96.40718562874252,86.11111111111111,97.87234042553192,8.75,100.0,99.24242424242425,90.41666666666667,87.22741433021807,95.0,81.73076923076923,100.0,89.58333333333334,100.0,100.0,100.0,93.02325581395348,100.0,100.0,87.5,100.0,100.0
budget_rev_pc,50.0,49.77777777777778,49.26108374384236,46.15384615384615,50.0,51.37254901960784,49.68944099378882,50.0,50.0,38.60294117647059,50.0,48.214285714285715,11.11111111111111,50.0,50.0,50.0,48.07692307692308,46.42857142857143,50.0,49.629629629629626,48.888888888888886,17.094017094017094,49.43820224719101,49.67880085653105,50.0,50.0,50.0,50.0,50.0,50.0,43.95161290322581,20.588235294117645,50.0,21.497584541062803,50.0,49.28571428571429,50.0,27.976190476190478,50.0,50.0,50.688705234159784,48.529411764705884,50.0,50.0,50.0,49.69939879759519,28.804347826086957,2.941176470588235,38.88888888888889,15.178571428571427,50.0,50.0,42.5,50.0,50.0,50.0,27.77777777777778,50.0,50.0,50.0,50.0,50.21645021645021,50.0,50.0,49.40119760479042,48.61111111111111,48.93617021276596,37.5,50.0,50.0,50.0,50.77881619937694,47.5,36.53846153846153,50.0,50.0,50.0,50.0,50.0,46.51162790697674,50.0,50.0,50.0,50.0,50.649350649350644
pop,100.0,99.55555555555556,100.0,99.03846153846155,100.0,100.0,99.37888198757764,100.0,100.0,100.0,100.0,100.0,100.0,100.0,100.0,100.0,100.0,92.85714285714286,100.0,100.0,100.0,100.0,100.0,99.3576017130621,100.0,100.0,100.0,100.0,100.0,100.0,99.39516129032258,96.32352941176471,100.0,100.0,100.0,100.0,100.0,97.61904761904762,100.0,100.0,100.0,100.0,100.0,100.0,100.0,99.79959919839679,100.0,100.0,100.0,100.0,100.0,100.0,100.0,100.0,100.0,100.0,100.0,100.0,100.0,100.0,100.0,87.87878787878788,100.0,100.0,100.0,100.0,100.0,91.25,100.0,100.0,100.0,99.37694704049844,99.375,100.0,100.0,100.0,100.0,100.0,100.0,96.51162790697676,100.0,100.0,100.0,100.0,100.0
pop_growth,100.0,99.55555555555556,99.50738916256158,98.07692307692307,100.0,100.0,99.37888198757764,100.0,100.0,100.0,100.0,100.0,100.0,100.0,100.0,100.0,100.0,92.85714285714286,100.0,100.0,100.0,100.0,99.43820224719101,99.3576017130621,100.0,100.0,100.0,100.0,100.0,100.0,98.99193548387096,92.64705882352942,100.0,99.7584541062802,100.0,100.0,100.0,97.61904761904762,100.0,100.0,100.0,100.0,100.0,100.0,100.0,99.59919839679358,100.0,100.0,98.61111111111111,100.0,100.0,100.0,100.0,100.0,100.0,100.0,100.0,100.0,100.0,100.0,100.0,87.87878787878788,100.0,100.0,99.10179640718563,100.0,99.29078014184397,70.0,100.0,100.0,100.0,99.37694704049844,98.75,100.0,100.0,100.0,100.0,100.0,100.0,95.34883720930233,100.0,100.0,100.0,99.03846153846155,100.0
pop_growth_window,100.0,99.55555555555556,100.0,100.0,100.0,100.0,99.37888198757764,100.0,100.0,100.0,100.0,100.0,100.0,100.0,100.0,100.0,100.0,92.85714285714286,100.0,100.0,100.0,100.0,100.0,99.3576017130621,100.0,100.0,100.0,100.0,100.0,100.0,99.79838709677419,100.0,100.0,100.0,100.0,100.0,100.0,97.61904761904762,100.0,100.0,100.0,100.0,100.0,100.0,100.0,100.0,100.0,100.0,100.0,100.0,100.0,100.0,100.0,100.0,100.0,100.0,100.0,100.0,100.0,100.0,100.0,100.0,100.0,100.0,100.0,100.0,100.0,100.0,100.0,100.0,100.0,99.37694704049844,100.0,100.0,100.0,100.0,100.0,100.0,100.0,100.0,100.0,100.0,100.0,100.0,100.0
density,100.0,99.55555555555556,100.0,99.03846153846155,100.0,100.0,99.37888198757764,100.0,100.0,100.0,100.0,100.0,100.0,100.0,100.0,100.0,100.0,92.85714285714286,100.0,100.0,100.0,100.0,100.0,99.3576017130621,100.0,100.0,100.0,100.0,100.0,100.0,99.39516129032258,96.32352941176471,100.0,100.0,100.0,100.0,100.0,97.61904761904762,100.0,100.0,100.0,100.0,100.0,100.0,100.0,99.79959919839679,100.0,100.0,100.0,100.0,100.0,100.0,100.0,100.0,100.0,100.0,100.0,100.0,100.0,100.0,100.0,87.87878787878788,100.0,100.0,100.0,100.0,100.0,91.25,100.0,100.0,100.0,99.37694704049844,99.375,100.0,100.0,100.0,100.0,100.0,100.0,96.51162790697676,100.0,100.0,100.0,100.0,100.0
housing_pc,98.0072463768116,97.77777777777777,95.07389162561576,92.3076923076923,100.0,96.07843137254902,99.37888198757764,100.0,100.0,100.0,100.0,91.78571428571428,100.0,97.91666666666666,100.0,100.0,100.0,73.21428571428571,100.0,87.77777777777777,96.38888888888889,97.43589743589743,99.43820224719101,97.4304068522484,100.0,100.0,100.0,100.0,44.44444444444444,45.46232876712329,91.12903225806451,53.67647058823529,100.0,98.06763285024155,99.43181818181817,87.5,100.0,97.32142857142857,98.14814814814815,87.5,97.52066115702479,97.05882352941177,100.0,100.0,100.0,99.39879759519037,85.86956521739131,50.0,90.27777777777779,99.10714285714286,100.0,90.625,100.0,100.0,100.0,98.26388888888889,73.61111111111111,100.0,100.0,100.0,100.0,87.87878787878788,100.0,4.504504504504505,95.20958083832335,100.0,61.170212765957444,0.0,100.0,87.12121212121212,100.0,85.66978193146417,94.375,89.42307692307693,100.0,100.0,100.0,91.44736842105263,100.0,93.31395348837209,87.5,99.51923076923077,51.78571428571429,100.0,100.0
retail_pc,97.28260869565217,66.22222222222223,92.11822660098522,98.07692307692307,98.86363636363636,85.88235294117646,98.75776397515527,94.73684210526315,97.32142857142857,100.0,50.0,69.64285714285714,95.37037037037037,83.92857142857143,67.3076923076923,89.77272727272727,99.03846153846155,33.035714285714285,60.416666666666664,87.4074074074074,98.33333333333333,91.88034188034187,99.71910112359551,88.0085653104925,95.67307692307693,89.01515151515152,100.0,100.0,68.05555555555556,76.71232876712328,93.95161290322581,83.82352941176471,100.0,99.7584541062802,97.72727272727273,86.78571428571429,99.62121212121212,95.83333333333334,86.57407407407408,99.58333333333333,96.14325068870524,59.92647058823529,99.51923076923077,90.27777777777779,85.22727272727273,99.79959919839679,79.34782608695652,13.23529411764706,20.833333333333336,60.71428571428571,99.30555555555556,98.75,88.5,98.52941176470588,100.0,73.26388888888889,66.66666666666666,100.0,47.368421052631575,96.15384615384616,98.63636363636363,80.51948051948052,99.32432432432432,66.66666666666666,96.7065868263473,49.30555555555556,95.92198581560284,27.500000000000004,95.37037037037037,100.0,95.83333333333334,74.14330218068535,87.5,95.1923076923077,97.59615384615384,100.0,95.83333333333334,75.6578947368421,100.0,93.31395348837209,16.176470588235293,92.3076923076923,87.5,96.15384615384616,100.0
living_space_pc,99.81884057971014,99.55555555555556,98.0295566502463,99.03846153846155,100.0,100.0,98.75776397515527,100.0,100.0,100.0,100.0,97.85714285714285,100.0,100.0,97.11538461538461,100.0,100.0,96.42857142857143,100.0,87.4074074074074,97.77777777777777,99.57264957264957,99.43820224719101,99.3576017130621,100.0,98.48484848484848,100.0,100.0,100.0,25.0,92.13709677419355,96.32352941176471,100.0,99.7584541062802,100.0,85.71428571428571,100.0,99.70238095238095,100.0,99.58333333333333,99.44903581267218,99.63235294117648,100.0,100.0,100.0,87.374749498998,85.32608695652173,87.5,100.0,100.0,100.0,100.0,100.0,100.0,100.0,100.0,62.5,100.0,100.0,100.0,87.5,75.32467532467533,100.0,0.0,99.40119760479041,100.0,98.58156028368793,0.0,100.0,86.74242424242425,100.0,87.53894080996885,99.375,90.86538461538461,100.0,100.0,100.0,100.0,100.0,99.12790697674419,100.0,100.0,100.0,100.0,98.05194805194806
preschool_coverage,99.81884057971014,99.55555555555556,98.0295566502463,92.3076923076923,100.0,100.0,99.37888198757764,100.0,100.0,100.0,95.83333333333334,98.21428571428571,100.0,99.70238095238095,100.0,99.43181818181817,100.0,92.85714285714286,100.0,87.03703703703704,97.77777777777777,87.6068376068376,99.15730337078652,99.3576017130621,100.0,95.45454545454545,86.80555555555556,98.75,100.0,0.5993150684931506,91.12903225806451,70.58823529411765,0.0,98.06763285024155,100.0,85.71428571428571,100.0,97.61904761904762,100.0,99.58333333333333,98.34710743801654,97.05882352941177,100.0,100.0,100.0,99.39879759519037,75.0,87.25490196078431,0.0,94.64285714285714,100.0,100.0,100.0,100.0,100.0,97.91666666666666,87.5,100.0,100.0,100.0,100.0,87.87878787878788,5.405405405405405,0.0,97.0059880239521,87.5,98.04964539007092,0.0,100.0,83.71212121212122,100.0,85.04672897196261,95.0,74.51923076923077,100.0,100.0,100.0,100.0,100.0,92.73255813953489,82.35294117647058,100.0,100.0,100.0,100.0
clinics_per_10k,87.5,87.1111111111111,87.192118226601,86.53846153846155,87.5,87.45098039215686,86.95652173913044,87.5,87.5,87.5,87.5,87.5,87.03703703703704,87.20238095238095,87.5,86.36363636363636,87.5,81.25,87.5,75.18518518518519,87.5,87.17948717948718,86.79775280898876,86.93790149892934,87.5,87.5,87.5,87.5,86.11111111111111,86.0445205479452,78.83064516129032,83.82352941176471,87.5,87.43961352657004,87.5,75.0,87.5,85.41666666666666,87.5,87.08333333333333,88.1542699724518,87.5,87.5,87.5,87.5,87.374749498998,58.152173913043484,68.38235294117648,63.888888888888886,84.82142857142857,87.5,87.5,87.5,87.5,51.63043478260869,86.45833333333334,73.61111111111111,87.5,86.18421052631578,87.5,87.5,75.32467532467533,87.5,0.0,87.42514970059881,87.5,86.87943262411348,38.75,87.5,59.84848484848485,87.5,75.70093457943925,86.875,80.28846153846155,85.57692307692307,87.5,87.5,87.5,87.5,84.01162790697676,87.5,87.5,85.71428571428571,86.53846153846155,87.01298701298701
natural_growth,87.5,60.44444444444444,85.22167487684729,86.53846153846155,87.5,87.84313725490196,86.95652173913044,87.5,87.5,87.5,87.5,75.0,77.77777777777779,87.5,87.5,87.5,87.5,81.25,87.5,75.55555555555556,87.5,87.6068376068376,86.79775280898876,86.93790149892934,87.5,66.28787878787878,87.5,87.5,87.5,87.5,75.0,83.82352941176471,87.5,87.68115942028986,87.5,75.0,87.5,85.41666666666666,87.5,87.5,88.1542699724518,87.5,87.5,87.5,76.13636363636364,87.374749498998,87.5,87.5,87.5,87.5,87.5,87.5,87.5,77.20588235294117,75.54347826086956,75.69444444444444,30.555555555555557,87.5,87.5,87.5,87.5,75.32467532467533,87.5,86.71171171171171,87.72455089820359,87.5,86.17021276595744,78.75,87.5,87.5,87.5,75.70093457943925,86.875,69.23076923076923,87.5,87.5,87.5,87.5,87.5,83.13953488372093,87.5,87.5,87.5,87.5,87.66233766233766
old_age_share,100.0,98.66666666666667,98.52216748768473,92.3076923076923,100.0,100.0,99.37888198757764,100.0,100.0,100.0,100.0,99.28571428571429,100.0,100.0,100.0,100.0,100.0,92.85714285714286,100.0,87.77777777777777,97.77777777777777,100.0,100.0,85.65310492505354,100.0,100.0,100.0,98.75,100.0,25.0,94.35483870967742,70.58823529411765,100.0,98.06763285024155,100.0,85.71428571428571,100.0,97.61904761904762,98.61111111111111,99.58333333333333,97.7961432506887,97.05882352941177,100.0,100.0,100.0,99.39879759519037,84.23913043478261,93.62745098039215,0.0,73.21428571428571,99.30555555555556,100.0,85.5,100.0,100.0,100.0,87.5,100.0,98.68421052631578,100.0,100.0,87.87878787878788,99.66216216216216,0.0,95.50898203592814,97.91666666666666,97.87234042553192,0.0,100.0,100.0,100.0,87.53894080996885,95.0,100.0,100.0,100.0,100.0,100.0,100.0,93.02325581395348,87.5,100.0,100.0,100.0,100.0
spend_to_wage,24.094202898550723,20.444444444444446,22.167487684729064,23.076923076923077,0.0,0.0,23.60248447204969,24.342105263157894,22.321428571428573,0.0,25.0,21.785714285714285,24.074074074074073,23.511904761904763,16.346153846153847,24.431818181818183,25.0,19.642857142857142,22.916666666666664,11.851851851851853,23.88888888888889,24.786324786324787,0.0,23.554603854389722,25.0,0.0,25.0,23.75,25.0,25.0,21.774193548387096,17.647058823529413,25.0,24.154589371980677,25.0,12.5,25.0,24.404761904761905,24.074074074074073,21.666666666666668,23.140495867768596,24.264705882352942,24.03846153846154,25.0,25.0,24.849699398797593,11.956521739130435,2.941176470588235,2.7777777777777777,20.535714285714285,25.0,25.0,0.0,25.0,23.91304347826087,24.65277777777778,11.11111111111111,24.72222222222222,16.447368421052634,23.076923076923077,0.0,11.688311688311687,24.66216216216216,22.635135135135133,23.652694610778443,23.61111111111111,24.29078014184397,0.0,25.0,21.21212121212121,23.333333333333332,11.526479750778815,23.75,25.0,24.519230769230766,23.75,24.479166666666664,23.684210526315788,25.0,22.093023255813954,3.6764705882352944,24.03846153846154,19.642857142857142,25.0,24.675324675324674
market_access,12.5,12.88888888888889,12.31527093596059,12.5,12.5,12.156862745098039,13.043478260869565,12.5,12.5,12.5,12.5,12.5,12.5,12.202380952380953,12.5,12.5,12.5,9.821428571428571,12.5,12.222222222222221,12.5,12.393162393162394,12.640449438202248,12.205567451820128,12.5,12.5,12.5,12.5,12.5,12.5,11.895161290322582,11.76470588235294,12.5,12.318840579710146,12.5,12.5,12.5,12.5,12.5,12.5,11.84573002754821,12.5,12.5,12.5,12.5,12.625250501002002,12.5,12.5,12.5,12.5,12.5,12.5,12.5,12.5,12.5,11.11111111111111,12.5,12.5,11.842105263157894,12.5,12.5,12.121212121212121,12.5,12.5,12.275449101796406,12.5,12.943262411347517,12.5,12.5,12.5,12.5,12.461059190031152,12.5,12.5,12.5,12.5,12.5,10.526315789473683,12.5,12.5,12.5,12.5,3.571428571428571,12.5,12.337662337662337
gmp_imputed_share,100.0,99.55555555555556,99.50738916256158,100.0,100.0,100.0,99.37888198757764,100.0,100.0,100.0,100.0,99.28571428571429,100.0,100.0,98.07692307692307,100.0,100.0,93.75,100.0,87.4074074074074,99.72222222222223,100.0,99.71910112359551,99.3576017130621,100.0,100.0,100.0,100.0,100.0,87.41438356164383,94.55645161290323,96.32352941176471,100.0,99.7584541062802,100.0,87.5,100.0,99.70238095238095,100.0,99.58333333333333,98.62258953168043,99.63235294117648,100.0,100.0,100.0,99.79959919839679,100.0,99.75490196078431,91.66666666666666,100.0,100.0,100.0,100.0,100.0,100.0,100.0,87.5,100.0,100.0,100.0,100.0,87.87878787878788,100.0,99.21171171171171,99.40119760479041,100.0,99.29078014184397,87.5,100.0,96.21212121212122,100.0,87.53894080996885,99.375,100.0,100.0,100.0,100.0,100.0,100.0,94.76744186046511,100.0,100.0,100.0,100.0,100.0
emp_share_unknown,100.0,99.55555555555556,99.50738916256158,97.11538461538461,100.0,100.0,99.37888198757764,100.0,100.0,100.0,100.0,99.28571428571429,100.0,100.0,98.07692307692307,100.0,100.0,93.75,100.0,87.4074074074074,99.72222222222223,100.0,99.71910112359551,99.3576017130621,100.0,100.0,100.0,100.0,100.0,84.76027397260275,94.55645161290323,77.94117647058823,100.0,98.06763285024155,100.0,87.5,100.0,98.51190476190477,100.0,99.58333333333333,98.34710743801654,97.79411764705883,100.0,100.0,100.0,99.39879759519037,100.0,99.75490196078431,91.66666666666666,100.0,100.0,100.0,100.0,100.0,87.5,100.0,87.5,100.0,100.0,100.0,100.0,87.87878787878788,100.0,93.01801801801803,99.40119760479041,100.0,97.87234042553192,87.5,100.0,96.21212121212122,100.0,87.53894080996885,95.0,98.07692307692307,100.0,100.0,100.0,100.0,100.0,93.02325581395348,100.0,100.0,100.0,100.0,100.0
