indicator,2013,2014,2015,2016,2017,2018,2019,2020,2021,2022,2023,2024
gmp_pc,98.10949192595511,97.00155763239874,96.51297946532353,96.25627170976458,93.23857087975414,99.19323857087974,99.30715935334872,99.73014649190439,99.65224111282845,99.69171483622351,99.72952086553323,92.71395528141866
wage,97.63686490744388,96.33956386292834,96.90042619139868,96.91238903898109,93.58432577794852,99.57741067998464,99.3841416474211,99.80724749421742,99.69088098918083,99.8073217726397,99.80680061823803,92.71395528141866
payroll_pc,98.10949192595511,96.96261682242991,96.47423479271599,96.25627170976458,93.23857087975414,99.19323857087974,99.30715935334872,99.73014649190439,99.65224111282845,99.69171483622351,99.72952086553323,92.71395528141866
shipped_pc,17.290271760535646,91.08255451713396,93.37466098411468,93.40023157082207,95.58202074529389,95.92777564348827,98.26789838337181,98.49653045489592,98.84080370942813,98.92100192678227,99.1112828438949,90.74787972243638
invest_pc,76.17172115005908,76.12928348909658,82.17745060054243,83.40409108452334,83.63426815213215,83.40376488666922,84.41108545034642,84.57979953739398,84.15765069551777,97.80346820809248,92.69706336939721,0.0
invest_pc_nobudget,79.95273729814888,86.37071651090342,86.01317318868655,86.91624855268236,90.01152516327315,96.58086822896658,96.72825250192456,96.22205088666152,97.14064914992272,96.99421965317919,96.59969088098919,82.18966846569006
invest_share,74.55691217014572,74.64953271028037,79.65904688105385,80.74102663064454,78.21744141375336,83.5190165194007,84.29561200923787,84.57979953739398,84.08037094281299,97.6878612716763,92.58114374034004,0.0
emp_share_A,0.0,0.0,0.0,0.0,51.363810987322324,57.16480983480599,57.12086220169361,58.51966075558982,57.26429675425039,55.45279383429672,54.82998454404946,50.539707016191215
emp_share_B,0.0,0.0,0.0,0.0,11.294660007683442,13.215520553207838,14.549653579676674,14.109483423284502,13.369397217928903,13.834296724470136,14.335394126738796,12.837316885119506
emp_share_C,0.0,0.0,0.0,0.0,41.413753361505954,56.74222051479063,55.2347959969207,56.90053970701619,55.370942812983,54.64354527938343,53.78670788253478,48.80493446414803
emp_share_D,0.0,0.0,0.0,0.0,58.816749903956975,64.65616596235112,67.16705157813703,69.7378565921357,68.74034003091191,68.4393063583815,68.31530139103555,61.71935235158057
emp_share_E,0.0,0.0,0.0,0.0,24.394928928159814,35.45908567038033,34.64203233256351,36.121819583654585,36.70788253477589,36.03082851637765,35.93508500772798,32.767925983037784
emp_share_F,0.0,0.0,0.0,0.0,21.513638109873224,33.15405301575105,33.33333333333333,32.69082498072475,32.61205564142195,33.29479768786127,33.19165378670788,32.45952197378566
emp_share_G,0.0,0.0,0.0,0.0,75.2208989627353,85.51671148674606,86.37413394919169,87.81804163454125,88.4080370942813,89.09441233140655,90.2241112828439,84.3484965304549
emp_share_H,0.0,0.0,0.0,0.0,50.44179792547061,62.35113330772186,64.7036181678214,67.19352351580571,68.7017001545595,68.13102119460501,68.16074188562597,64.76484194294527
emp_share_I,0.0,0.0,0.0,0.0,15.405301575105648,38.378793699577415,38.56812933025404,39.707016191210485,39.2967542503864,38.921001926782274,38.717156105100464,34.6183500385505
emp_share_J,0.0,0.0,0.0,0.0,36.22742988859009,41.567422205147906,44.1108545034642,46.37625289128759,48.64760432766615,48.59344894026975,47.68160741885626,49.80724749421743
emp_share_K,0.0,0.0,0.0,0.0,54.9366116019977,59.7003457548982,61.816782140107776,64.57208943716269,64.83771251931994,64.58574181117534,62.05564142194745,57.51734772552043
emp_share_L,0.0,0.0,0.0,0.0,44.48713023434499,51.09489051094891,48.61431870669746,48.11102544333076,46.4064914992272,45.626204238921005,39.06491499227202,37.471087124132616
emp_share_M,0.0,0.0,0.0,0.0,63.273146369573574,75.2593161736458,73.78752886836027,75.59753276792598,75.11591962905719,75.14450867052022,75.50231839258115,70.70161912104858
emp_share_N,0.0,0.0,0.0,0.0,33.538225124855934,50.32654629273915,53.73364126250962,55.20431765612953,55.98918083462133,57.80346820809249,58.23029366306027,53.392444101773314
emp_share_O,0.0,0.0,0.0,0.0,90.74145217057242,95.08259700345755,95.07313317936874,95.60524286815728,96.05873261205564,96.33911368015414,96.21329211746522,89.66846569005396
emp_share_P,0.0,0.0,0.0,0.0,91.62504802151363,97.8102189781022,97.53656658968437,97.9568234387047,97.91344667697064,98.07321772639692,98.10664605873262,91.32613723978412
emp_share_Q,0.0,0.0,0.0,0.0,77.91010372646946,84.32577794852094,84.2571208622017,85.31225905936776,86.05100463678517,86.16570327552986,86.36012364760433,80.72474942174249
emp_share_R,0.0,0.0,0.0,0.0,81.55973876296581,85.86246638494045,85.95073133179369,87.04703161141096,88.02163833075734,87.66859344894027,87.21020092735702,81.11025443330763
emp_share_S,0.0,0.0,0.0,0.0,27.890895121014214,27.58355743373031,23.40261739799846,24.171164225134927,23.222565687789796,23.583815028901732,23.183925811437405,22.474942174248266
hhi_emp,0.0,0.0,0.0,0.0,92.04763734152901,98.65539761813292,98.49884526558893,98.95913646877409,98.84080370942813,98.92100192678227,98.95672333848532,92.25134926754049
manuf_shipped_pc,0.0,0.0,0.0,0.0,33.88398002305033,42.56626968882059,39.29946112394149,42.5597532767926,38.83307573415765,38.38150289017341,37.364760432766616,34.425597532767924
agri_output_pc,84.95470657739267,82.51557632398755,84.92832235567609,85.52682362022385,82.32808298117557,84.86361890126777,85.95073133179369,86.08326908249808,86.01236476043277,84.35452793834297,80.2936630602782,0.0
manuf_orgs_per_10k,0.0,0.0,0.0,0.0,25.009604302727624,31.46369573568959,29.8306389530408,30.994602929838088,29.404945904173108,29.402697495183045,29.520865533230296,26.329992289899767
employment_ratio,85.70303269003546,84.96884735202492,85.1607903913212,84.75492087996912,86.40030733768728,87.59124087591242,86.02771362586606,88.24209714726291,88.25347758887172,87.51445086705202,93.23802163833076,85.58211256746337
budget_own_share,86.80582906656163,86.33177570093457,87.44672607516466,85.60401389424932,83.28851325393777,84.63311563580484,83.83371824480369,85.35080956052428,88.21483771251933,83.58381502890172,81.60741885625966,69.85350809560525
budget_rev_pc,95.07680189050808,94.58722741433021,93.6458736923673,95.56155924353531,92.96965040338071,91.3945447560507,92.37875288683603,89.82266769468004,0.0,0.0,0.0,0.0
pop,99.96061441512406,98.98753894080997,99.49631925610228,99.30528753377075,99.46215904725318,99.53899346907414,99.80754426481909,99.80724749421742,99.9227202472952,99.92292870905588,99.9227202472952,98.49653045489592
pop_growth,0.0,98.83177570093457,98.48895776830686,99.11231184870705,98.84748367268537,99.19323857087974,99.53810623556582,99.80724749421742,99.72952086553323,99.65317919075144,99.9227202472952,98.49653045489592
pop_growth_window,100.0,100.0,100.0,99.92280972597453,99.92316557817902,99.92316557817902,99.92301770592763,99.92289899768697,99.9227202472952,99.92292870905588,99.9227202472952,99.61449498843486
density,99.96061441512406,98.98753894080997,99.49631925610228,99.30528753377075,99.46215904725318,99.53899346907414,99.80754426481909,99.80724749421742,99.9227202472952,99.92292870905588,99.9227202472952,98.49653045489592
housing_pc,84.2063804647499,84.19003115264798,85.1995350639287,85.71979930528754,85.0557049558202,85.09412216673068,90.91608929946112,92.86815728604472,93.23802163833076,85.58766859344894,86.6692426584235,75.71318427139553
retail_pc,4.2142575817250885,3.465732087227414,78.92289810151104,80.39367039752992,83.32693046484825,85.36304264310411,86.68206312548114,84.3870470316114,89.3353941267388,89.01734104046243,89.45131375579598,84.15574402467232
living_space_pc,86.17565970854668,87.30529595015575,85.896939170864,92.74411424160556,86.43872454859776,89.05109489051095,92.60969976905312,93.29221279876639,87.24884080370943,88.97880539499037,88.83307573415765,81.11025443330763
preschool_coverage,82.90665616384403,85.35825545171339,84.92832235567609,85.83558471632574,85.17095658855168,85.78563196311949,87.06697459584296,82.88357748650732,86.5533230293663,85.97302504816956,86.32148377125193,77.52505782575173
clinics_per_10k,0.6301693580149665,81.03582554517133,85.66447113521892,87.57236588189889,90.7798693814829,92.00922013061852,89.99230177059276,94.41017733230532,94.86089644513137,94.8747591522158,89.56723338485317,0.0
natural_growth,90.86254430878299,94.1588785046729,98.17900038744672,96.21767657275183,98.46331156358048,97.65655013446025,98.61431870669746,99.07478797224364,99.26584234930448,96.95568400770713,87.13292117465224,0.0
old_age_share,87.3178416699488,86.56542056074767,86.74932196822937,87.45658047086067,87.28390318862851,87.62965808682289,86.10469591993841,88.24209714726291,88.3693972179289,87.55298651252409,93.43122102009274,86.1603700848111
spend_to_wage,0.0,0.0,0.0,0.0,0.0,0.0,0.0,0.0,0.0,0.0,83.50077279752705,76.21434078643023
market_access,0.0,0.0,0.0,0.0,0.0,0.0,0.0,0.0,0.0,0.0,0.0,99.11333847340016
gmp_imputed_share,98.10949192595511,97.00155763239874,96.51297946532353,96.41065225781551,93.54590856703804,99.50057625816365,99.3456505003849,99.76869699306091,99.69088098918083,99.76878612716763,99.76816074188562,92.71395528141866
emp_share_unknown,0.0,0.0,0.0,0.0,92.04763734152901,98.65539761813292,98.49884526558893,98.95913646877409,98.84080370942813,98.92100192678227,98.95672333848532,92.25134926754049
