показатель,среднее,медиана,коэф. вариации,дисперсия после min-max (с логарифмом по реестру),"покрытие 2017–2024, %"
gmp_pc,1072922.32589082,399381.44524468365,3.943603806458579,0.009886996900212745,97.90492703366566
gmp_structure_A,0.21826461563688818,0.13240360230434742,1.0503042427071951,0.05891428019545107,98.01088474690556
gmp_structure_B,0.05636307039259297,0.0016662775509836063,2.9185212947386336,0.02807651359731897,98.01088474690556
gmp_structure_C,0.10462553015804259,0.03273630669752063,1.4811859679297839,0.02472613017208964,98.01088474690556
gmp_structure_D,0.02020369114710082,0.006473170297146318,2.822814622215977,0.0045467309405819055,98.01088474690556
gmp_structure_E,0.0036571729669633503,0.0006493759013240778,3.861885099520137,0.0005126464649712413,98.01088474690556
gmp_structure_F,0.0337692291633494,0.009430591179445452,2.172222348062399,0.006555903639576576,98.01088474690556
gmp_structure_G,0.09926670727959248,0.07407999205855717,0.9552770846233627,0.009869837558972895,98.01088474690556
gmp_structure_H,0.06977860370520357,0.03560221835788632,1.3971953661541385,0.01157500200704131,98.01088474690556
gmp_structure_I,0.007033202805909329,0.0020723121558404414,2.7961882218345564,0.0006089046632536537,98.01088474690556
gmp_structure_J,0.011214196543530924,0.004341622652413607,2.296176406523237,0.0022620519669375176,98.01088474690556
gmp_structure_K,0.01189123073692192,0.006088370733561764,2.29038906265981,0.0011935218484860556,98.01088474690556
gmp_structure_L,0.07622486047126166,0.03131639334489313,1.3975597321684647,0.014106661947460818,98.01088474690556
gmp_structure_M,0.02345957697650248,0.012945737503182064,1.6391090082493134,0.004824947934633752,98.01088474690556
gmp_structure_N,0.016787856867142636,0.008472483117132348,1.4536479585189779,0.004219293842033172,98.01088474690556
gmp_structure_O,0.09380437528358039,0.07783800246707114,0.7603374160716451,0.010204312854403813,98.01088474690556
gmp_structure_P,0.07411047826746105,0.059059340149731764,0.8030282156379348,0.00945125537920846,98.01088474690556
gmp_structure_Q,0.06184034708909895,0.0505592186850987,0.9358630157334931,0.003349410724005109,98.01088474690556
gmp_structure_R,0.01529490226812006,0.010591220051327545,1.1674659965687453,0.0013303647463226986,98.01088474690556
gmp_structure_S,0.002410352240737233,0.0006166373870512703,2.839127520831948,0.0005742096014865263,98.01088474690556
gmp_structure_T,0.0,0.0,,0.0,98.01088474690556
wage,56554.68138612263,45461.252790517414,0.5490805750341974,0.010683503911877541,98.04459856475461
payroll_pc,188099.98242215227,89969.51490456665,2.332486393184554,0.007793116194541615,97.90492703366566
shipped_pc,1066748.368064505,223558.2097690125,6.222755863063816,0.012438906725528184,96.98502143235564
invest_pc,186973.40986884682,34393.500152474044,5.980263177053546,0.011627238795210389,76.33771612965371
invest_pc_nobudget,170753.3232084528,24151.237325835307,6.509422480502727,0.012646757544243246,94.05673553918027
invest_share,0.1498874706199075,0.08085298658285528,3.3804971320868735,0.00034478424946418694,75.62009343543804
emp_share_A,0.10679114218269037,0.07374989171636008,0.978963026888761,0.017658417360403977,55.28102875307036
emp_share_C,0.16268290407192953,0.12801741195092994,0.8257700895771226,0.018328308522636318,52.85845012763089
emp_share_D,0.05271911605712812,0.0441078662747276,0.8124911021196882,0.005325803915618697,65.94422771275828
emp_share_G,0.054544086692653815,0.038781163434903045,1.0690887409651626,0.006874743136078751,85.86909406155179
emp_share_H,0.08468178311070308,0.0624478274460175,0.9267273723808614,0.010049771150280457,64.29706689784713
emp_share_K,0.013173893712508041,0.006030616978506263,13.187182963794996,0.00010340069238860387,61.248374512353706
emp_share_M,0.03283870119540617,0.021284211604576272,1.2702851537277795,0.005291411223758518,73.04339449983142
emp_share_N,0.02407535177446239,0.017896485123770425,1.1589275931436542,0.0013774602888235402,52.266050185425996
emp_share_O,0.12525231456978123,0.11733820340143819,0.5283414265963767,0.00959353173914344,94.34571112074363
emp_share_P,0.22395643732704165,0.20453449107573565,0.48899011397329,0.014449972194206484,96.29148003660357
emp_share_Q,0.14503422251152648,0.13656770456191167,0.49939789205834795,0.005246073754940193,83.88479506815007
emp_share_R,0.03233135987487102,0.027653880463871544,0.6944451193902971,0.0022564820560117085,85.55122092183211
lq_A,4.131191772943198,2.8450020159824874,0.9817293165998168,0.054937741270531644,55.28102875307036
lq_C,1.0548785072210407,0.8335528267261535,0.8250823067659221,0.03943532876707246,52.85845012763089
lq_D,1.4254581346120352,1.193612390319755,0.8124914675843562,0.015769571379884394,65.94422771275828
lq_G,0.6557585723366369,0.4650048697763183,1.0701455856169915,0.01623305806425368,85.86909406155179
lq_H,1.0948521256844004,0.806641582591611,0.9267585685286476,0.025477508848853105,64.29706689784713
lq_K,0.4579633396601839,0.2152926742091389,11.119806539930261,0.0023075957566662136,61.248374512353706
lq_M,0.757207047994493,0.4906252330581722,1.2712039577098737,0.016445434691107205,73.04339449983142
lq_N,1.2077702962479377,0.8948873645884146,1.1728108670030069,0.011295354599114122,52.266050185425996
lq_O,1.2155586386064954,1.133894910865293,0.5289830164529072,0.01915871387319299,94.34571112074363
lq_P,1.5088854094922715,1.37734021932362,0.4922236558852645,0.021450408844119435,96.29148003660357
lq_Q,1.25223662514399,1.1770436379825207,0.5014443991808292,0.011554025620537969,83.88479506815007
lq_R,1.3680269838209633,1.1672736995980917,0.694658846750052,0.011676014855747548,85.55122092183211
lq_ru_A,4.131191772943198,2.8450020159824874,0.9817293165998168,0.054937741270531644,55.28102875307036
lq_ru_C,1.0548785072210407,0.8335528267261535,0.8250823067659221,0.03943532876707246,52.85845012763089
lq_ru_D,1.4254581346120352,1.193612390319755,0.8124914675843562,0.015769571379884394,65.94422771275828
lq_ru_G,0.6557585723366369,0.4650048697763183,1.0701455856169915,0.01623305806425368,85.86909406155179
lq_ru_H,1.0948521256844004,0.806641582591611,0.9267585685286476,0.025477508848853105,64.29706689784713
lq_ru_K,0.4579633396601839,0.2152926742091389,11.119806539930261,0.0023075957566662136,61.248374512353706
lq_ru_M,0.757207047994493,0.4906252330581722,1.2712039577098737,0.016445434691107205,73.04339449983142
lq_ru_N,1.2077702962479377,0.8948873645884146,1.1728108670030069,0.011295354599114122,52.266050185425996
lq_ru_O,1.2155586386064954,1.133894910865293,0.5289830164529072,0.01915871387319299,94.34571112074363
lq_ru_P,1.5088854094922715,1.37734021932362,0.4922236558852645,0.021450408844119435,96.29148003660357
lq_ru_Q,1.25223662514399,1.1770436379825207,0.5014443991808292,0.011554025620537969,83.88479506815007
lq_ru_R,1.3680269838209633,1.1672736995980917,0.694658846750052,0.011676014855747548,85.55122092183211
hhi_emp,0.37238662973466025,0.15788997531316956,27.81131650302969,0.00012517772683885272,97.13914174252277
agri_output_pc,128400.17389570687,77860.78579606014,1.2597305124545004,0.01765502144930768,73.7417521552762
employment_ratio,0.37092797578449865,0.31475735161464913,1.383104771431204,8.746897034599801e-05,87.85339305495353
budget_own_share,33.9167299713668,29.9,0.5557005510104183,0.03559414996975165,82.4206521215624
pop,56420.103955130064,25258.5,2.0628315983563184,0.015007101650158129,99.60988296488947
pop_growth,-0.005390557718806599,-0.00953432344094085,29.711671782836508,5.921479973707474e-05,99.39796753840967
pop_growth_window,-0.00666497279441552,-0.009329093859943183,3.0823371355035007,0.0035357987673712322,99.88440976737466
density,1234.3619383027644,14.692705686250049,3.4125883212617247,0.044258219353542905,99.60988296488947
housing_pc,0.45044840640762707,0.26,1.8513492659292166,0.008223125538681656,86.890141116409
retail_pc,109568.67642998991,63810.17800953072,2.443384514717609,0.00490366565496693,86.46149400375668
living_space_pc,30.327645992158576,28.4,0.7680957871254998,0.00012774743436199068,88.4457929971584
preschool_coverage,73.17987261867528,63.1,5.15827950842686,0.0001475417279260447,84.66021287867842
clinics_per_10k,9.43792080992206,8.298885928272163,0.7260176237287448,0.044308555196544926,80.81683764388576
natural_growth,-5.67966324077405,-6.132701811063503,1.2151622012423613,0.001473335859515497,84.6553966189857
old_age_share,0.26629225682200497,0.27101348085289223,0.21453945776788722,0.005082727860285128,88.09420603958965
