territory_id,year,indicator,value,unit,source,flag,reason
1421,2023,pop,0.0,Человек,8112027,,значение ≤ 0
114,2013,pop_avg,0.0,Человек,8112013,,значение ≤ 0
115,2013,pop_avg,0.0,Человек,8112013,,значение ≤ 0
116,2013,pop_avg,0.0,Человек,8112013,,значение ≤ 0
868,2013,area_ha,0.0,Гектар,8006001,,значение ≤ 0
868,2014,area_ha,0.0,Гектар,8006001,,значение ≤ 0
868,2015,area_ha,0.0,Гектар,8006001,,значение ≤ 0
868,2016,area_ha,0.0,Гектар,8006001,,значение ≤ 0
868,2017,area_ha,0.0,Гектар,8006001,,значение ≤ 0
868,2018,area_ha,0.0,Гектар,8006001,,значение ≤ 0
868,2019,area_ha,0.0,Гектар,8006001,,значение ≤ 0
868,2020,area_ha,0.0,Гектар,8006001,,значение ≤ 0
868,2021,area_ha,0.0,Гектар,8006001,,значение ≤ 0
868,2022,area_ha,0.0,Гектар,8006001,,значение ≤ 0
628,2014,budget_own_share,106.6,Процент,8313015,territorial_history;tochno_anomaly,доля вне 0–100 %
670,2015,budget_own_share,111.0,Процент,8313015,tochno_anomaly,доля вне 0–100 %
1047,2017,budget_own_share,120.0,Процент,8313015,tochno_anomaly,доля вне 0–100 %
1061,2017,budget_own_share,105.8,Процент,8313015,tochno_anomaly,доля вне 0–100 %
1064,2017,budget_own_share,133.4,Процент,8313015,tochno_anomaly,доля вне 0–100 %
1070,2017,budget_own_share,110.2,Процент,8313015,tochno_anomaly,доля вне 0–100 %
1107,2015,budget_own_share,109.5,Процент,8313015,tochno_anomaly,доля вне 0–100 %
1153,2013,budget_own_share,231.0,Процент,8313015,tochno_anomaly,доля вне 0–100 %
166,2018,budget_own_share,125.3,Процент,8313015,territorial_history;tochno_anomaly,доля вне 0–100 %
158,2018,budget_own_share,106.6,Процент,8313015,tochno_anomaly,доля вне 0–100 %
2114,2019,budget_own_share,2701.0,Процент,8313015,tochno_anomaly,доля вне 0–100 %
1215,2017,budget_own_share,1937.0,Процент,8313015,tochno_anomaly,доля вне 0–100 %
1315,2015,budget_own_share,117.7,Процент,8313015,tochno_anomaly,доля вне 0–100 %
1316,2015,budget_own_share,104.0,Процент,8313015,tochno_anomaly,доля вне 0–100 %
1303,2017,budget_own_share,125.2,Процент,8313015,tochno_anomaly,доля вне 0–100 %
1303,2018,budget_own_share,113.0,Процент,8313015,tochno_anomaly,доля вне 0–100 %
1303,2019,budget_own_share,103.9,Процент,8313015,tochno_anomaly,доля вне 0–100 %
2466,2014,budget_own_share,102.0,Процент,8313015,tochno_anomaly,доля вне 0–100 %
2466,2020,budget_own_share,111.3,Процент,8313015,tochno_anomaly,доля вне 0–100 %
2479,2014,budget_own_share,116.0,Процент,8313015,tochno_anomaly,доля вне 0–100 %
2479,2015,budget_own_share,327.0,Процент,8313015,tochno_anomaly,доля вне 0–100 %
2480,2014,budget_own_share,115.0,Процент,8313015,tochno_anomaly,доля вне 0–100 %
2480,2015,budget_own_share,113.0,Процент,8313015,tochno_anomaly,доля вне 0–100 %
2503,2014,budget_own_share,103.0,Процент,8313015,tochno_anomaly,доля вне 0–100 %
2507,2020,budget_own_share,106.0,Процент,8313015,tochno_anomaly,доля вне 0–100 %
2510,2015,budget_own_share,123.9,Процент,8313015,tochno_anomaly,доля вне 0–100 %
2517,2015,budget_own_share,104.0,Процент,8313015,tochno_anomaly,доля вне 0–100 %
2517,2020,budget_own_share,101.0,Процент,8313015,tochno_anomaly,доля вне 0–100 %
2545,2014,budget_own_share,103.0,Процент,8313015,tochno_anomaly,доля вне 0–100 %
2550,2014,budget_own_share,103.0,Процент,8313015,tochno_anomaly,доля вне 0–100 %
2552,2013,budget_own_share,115.0,Процент,8313015,tochno_anomaly,доля вне 0–100 %
2554,2015,budget_own_share,113.0,Процент,8313015,tochno_anomaly,доля вне 0–100 %
2556,2014,budget_own_share,101.0,Процент,8313015,tochno_anomaly,доля вне 0–100 %
2560,2020,budget_own_share,152.8,Процент,8313015,tochno_anomaly,доля вне 0–100 %
2564,2015,budget_own_share,113.0,Процент,8313015,tochno_anomaly,доля вне 0–100 %
2584,2014,budget_own_share,107.0,Процент,8313015,tochno_anomaly,доля вне 0–100 %
2585,2020,budget_own_share,156.0,Процент,8313015,tochno_anomaly,доля вне 0–100 %
1439,2015,budget_own_share,164.5,Процент,8313015,territorial_history;tochno_anomaly,доля вне 0–100 %
1519,2014,budget_own_share,139.7,Процент,8313015,tochno_anomaly,доля вне 0–100 %
1675,2015,budget_own_share,141.5,Процент,8313015,tochno_anomaly,доля вне 0–100 %
1728,2018,budget_own_share,106.3,Процент,8313015,tochno_anomaly,доля вне 0–100 %
1920,2017,budget_own_share,165.3,Процент,8313015,tochno_anomaly,доля вне 0–100 %
1921,2020,budget_own_share,121.9,Процент,8313015,tochno_anomaly,доля вне 0–100 %
1941,2018,budget_own_share,116.1,Процент,8313015,tochno_anomaly,доля вне 0–100 %
1941,2019,budget_own_share,114.0,Процент,8313015,tochno_anomaly,доля вне 0–100 %
1947,2016,budget_own_share,139.5,Процент,8313015,tochno_anomaly,доля вне 0–100 %
2164,2014,budget_own_share,136.9,Процент,8313015,territorial_history;tochno_anomaly,доля вне 0–100 %
2345,2013,budget_own_share,20413.4,Процент,8313015,tochno_anomaly,доля вне 0–100 %
2347,2013,budget_own_share,31506.8,Процент,8313015,tochno_anomaly,доля вне 0–100 %
2344,2013,budget_own_share,109.6,Процент,8313015,tochno_anomaly,доля вне 0–100 %
2344,2015,budget_own_share,130.6,Процент,8313015,tochno_anomaly,доля вне 0–100 %
2337,2016,budget_own_share,113.0,Процент,8313015,tochno_anomaly,доля вне 0–100 %
2318,2016,budget_own_share,166.8,Процент,8313015,tochno_anomaly,доля вне 0–100 %
2319,2016,budget_own_share,150.0,Процент,8313015,tochno_anomaly,доля вне 0–100 %
2320,2016,budget_own_share,163.3,Процент,8313015,tochno_anomaly,доля вне 0–100 %
120,2016,budget_own_share,3272.0,Процент,8313015,tochno_anomaly,доля вне 0–100 %
123,2016,budget_own_share,-13.3,Процент,8313015,tochno_anomaly,доля вне 0–100 %
138,2016,budget_own_share,223.1,Процент,8313015,tochno_anomaly,доля вне 0–100 %
143,2016,budget_own_share,882.4,Процент,8313015,tochno_anomaly,доля вне 0–100 %
148,2016,budget_own_share,335.8,Процент,8313015,tochno_anomaly,доля вне 0–100 %
149,2016,budget_own_share,313.6,Процент,8313015,tochno_anomaly,доля вне 0–100 %
156,2016,budget_own_share,162.6,Процент,8313015,tochno_anomaly,доля вне 0–100 %
113,2016,budget_own_share,121.7,Процент,8313015,tochno_anomaly,доля вне 0–100 %
178,2015,budget_own_share,194.0,Процент,8313015,tochno_anomaly,доля вне 0–100 %
167,2015,budget_own_share,187.2,Процент,8313015,tochno_anomaly,доля вне 0–100 %
168,2015,budget_own_share,125.4,Процент,8313015,tochno_anomaly,доля вне 0–100 %
169,2015,budget_own_share,165.6,Процент,8313015,tochno_anomaly,доля вне 0–100 %
10,2016,budget_own_share,149.4,Процент,8313015,tochno_anomaly,доля вне 0–100 %
369,2013,budget_own_share,111.2,Процент,8313015,tochno_anomaly,доля вне 0–100 %
377,2013,budget_own_share,104.7,Процент,8313015,tochno_anomaly,доля вне 0–100 %
382,2013,budget_own_share,125.3,Процент,8313015,tochno_anomaly,доля вне 0–100 %
405,2015,budget_own_share,136.0,Процент,8313015,tochno_anomaly,доля вне 0–100 %
206,2017,budget_own_share,865.0,Процент,8013015,tochno_anomaly,доля вне 0–100 %
206,2018,budget_own_share,788.0,Процент,8013015,tochno_anomaly,доля вне 0–100 %
206,2020,budget_own_share,461.0,Процент,8013015,tochno_anomaly,доля вне 0–100 %
207,2018,budget_own_share,879.0,Процент,8013015,tochno_anomaly,доля вне 0–100 %
207,2020,budget_own_share,843.0,Процент,8013015,tochno_anomaly,доля вне 0–100 %
