Признак из образца,Есть у нас на уровне МО?,Источник и код,Годы (>50% МО) и покрытие МО России 2017–2024,"Замена, если нет"
Численность населения,да,"8112027 (+8112014, 8112013)",pop: 2013–2024 · pop: 100%,—
Объём инвестиций,да,"8109001 (без МСП), 8109003 (без бюджетных средств, на душу)",invest_pc: 2013–2023; invest_pc_nobudget: 2013–2024 · invest_pc: 76%; invest_pc_nobudget: 94%,—
ВРП и ВРП на душу,нет (только по субъектам),ВРП и ВДС субъектов — Росстат,gmp_pc: 2013–2024 · gmp_pc: 98%,ВМП и ВМП на душу — расчётная оценка команды (уже есть)
Площадь территории,да,8006001,density: 2013–2024 · density: 100%,—
Плотность населения,да,расчёт: P / площадь,density: 2013–2024 · density: 100%,—
Доходы населения,почти нет,8019014 «Объём социальных выплат и налогооблагаемых доходов» — только 2011–2019,wage: 2013–2024; payroll_pc: 2013–2024 · wage: 98%; payroll_pc: 98%,средняя зарплата и ФОТ на жителя (уже есть)
Уровень безработицы,нет,в БДПМО по МО не публикуется,employment_ratio: 2013–2024 · employment_ratio: 88%,"работники крупных и средних организаций на жителя трудоспособного возраста (новый, грубая замена)"
Больничные койки на 10 тыс.,нет в окне,8018103 — только 2008–2013,clinics_per_10k: 2014–2023 · clinics_per_10k: 81%,лечебно-профилактические организации на 10 тыс. жителей (уже есть)
Затраты на научные исследования,нет,по МО не публикуется,emp_share_M: 2017–2024 · emp_share_M: 73%,доля занятых в разделе M ОКВЭД2 «Научная и профессиональная деятельность» (уже есть)
Обучающиеся в вузах,нет,по МО не публикуется,,нет замены
"Инновационные технологии, инновационная активность",нет,по МО не публикуется,emp_share_J: 45%,отчасти — доля занятых в разделе J «Информация и связь» (уже есть)
Веб-представительства организаций,нет,по МО не публикуется,,нет замены
Сельскохозяйственное производство,да,8007010 (до 2023 г.),agri_output_pc: 2013–2023 · agri_output_pc: 74%,на жителя (новый)
Оборот сельскохозяйственной продукции,только в натуре,8097016 — реализация в тоннах по продуктам,,используем продукцию с/х в рублях
Предприятия обрабатывающей промышленности,частично,"8942010 (раздел C, без МСП), 8401011 (отгрузка, раздел C)",manuf_orgs_per_10k: 29%; manuf_shipped_pc: 38%,на 10 тыс. жителей и отгрузка на жителя (новые)
Объём торговли,да,"8401003, 8201003 (оборот розницы без МСП)",retail_pc: 2015–2024 · retail_pc: 86%,—
Транспортно-логистическая отрасль,частично,"8423005 (занятые, раздел H); отгрузки по H нет",emp_share_H: 2017–2024 · emp_share_H: 64%,доля занятых в разделе H «Транспортировка и хранение» (уже есть)
