№,Субъект,ФО,МО,2014,2014 доля,2019,2019 доля,2024,2024 доля,траектория
1,Амурская область,ДФО,28,5.0,0.32142857142857145,4,0.42857142857142855,4.0,0.39285714285714285,рост
2,Еврейская автономная область,ДФО,6,5.0,0.5,4,0.5,4.0,0.3333333333333333,рост
3,Забайкальский край,ДФО,34,4.0,0.5,4,0.5882352941176471,4.0,0.4117647058823529,стабильный
4,Камчатский край,ДФО,13,0.0,0.4166666666666667,0,0.6153846153846154,0.0,0.5384615384615384,стабильный
5,Магаданская область,ДФО,9,0.0,0.7777777777777778,0,0.7777777777777778,0.0,0.7777777777777778,стабильный
6,Приморский край,ДФО,33,5.0,0.375,4,0.3939393939393939,4.0,0.30303030303030304,рост
7,Республика Бурятия,ДФО,0,5.0,0.4782608695652174,4,0.43478260869565216,,,рост
8,Республика Саха (Якутия),ДФО,36,0.0,0.42857142857142855,5,0.3888888888888889,0.0,0.3888888888888889,колебание
9,Сахалинская область,ДФО,18,0.0,0.4444444444444444,0,0.4444444444444444,0.0,0.5555555555555556,стабильный
10,Хабаровский край,ДФО,19,4.0,0.5263157894736842,4,0.42105263157894735,0.0,0.47368421052631576,рост
11,Чукотский автономный округ,ДФО,7,,,0,0.5714285714285714,0.0,0.5714285714285714,стабильный
12,Кировская область,ПФО,44,4.0,0.5227272727272727,4,0.5909090909090909,4.0,0.5909090909090909,стабильный
13,Нижегородская область,ПФО,50,2.0,0.35294117647058826,4,0.3333333333333333,4.0,0.4,снижение
14,Оренбургская область,ПФО,41,5.0,0.40540540540540543,4,0.6097560975609756,4.0,0.5609756097560976,рост
15,Пензенская область,ПФО,29,4.0,0.41379310344827586,2,0.3333333333333333,4.0,0.4482758620689655,колебание
16,Пермский край,ПФО,42,4.0,0.3191489361702128,4,0.3333333333333333,2.0,0.38095238095238093,рост
17,Республика Башкортостан,ПФО,62,5.0,0.3387096774193548,4,0.3387096774193548,2.0,0.3064516129032258,рост
18,Республика Марий Эл,ПФО,17,2.0,0.47058823529411764,5,0.4117647058823529,2.0,0.35294117647058826,колебание
19,Республика Мордовия,ПФО,23,4.0,0.4090909090909091,2,0.34782608695652173,4.0,0.43478260869565216,колебание
20,Республика Татарстан,ПФО,45,2.0,0.8,2,0.7555555555555555,2.0,0.8,стабильный
21,Самарская область,ПФО,37,4.0,0.3783783783783784,2,0.32432432432432434,2.0,0.32432432432432434,рост
22,Саратовская область,ПФО,40,5.0,0.4358974358974359,4,0.42857142857142855,5.0,0.4,колебание
23,Удмуртская Республика,ПФО,30,4.0,0.5333333333333333,4,0.36666666666666664,4.0,0.36666666666666664,стабильный
24,Ульяновская область,ПФО,24,5.0,0.4583333333333333,5,0.4583333333333333,4.0,0.4166666666666667,рост
25,Чувашская Республика,ПФО,0,5.0,0.5384615384615384,5,0.5384615384615384,,,стабильный
26,Архангельская область,СЗФО,25,4.0,0.4166666666666667,4,0.56,4.0,0.56,стабильный
27,Вологодская область,СЗФО,28,4.0,0.75,4,0.5357142857142857,4.0,0.7857142857142857,стабильный
28,Калининградская область,СЗФО,22,2.0,0.3888888888888889,2,0.5454545454545454,2.0,0.6363636363636364,стабильный
29,Ленинградская область,СЗФО,18,2.0,0.7222222222222222,2,0.6666666666666666,2.0,0.6666666666666666,стабильный
30,Мурманская область,СЗФО,0,4.0,0.4166666666666667,0,0.5,,,рост
31,Ненецкий автономный округ,СЗФО,2,0.0,0.5,0,0.5,0.0,0.5,стабильный
32,Новгородская область,СЗФО,22,4.0,0.6818181818181818,4,0.45454545454545453,4.0,0.7272727272727273,стабильный
33,Псковская область,СЗФО,26,4.0,0.46153846153846156,4,0.6538461538461539,4.0,0.6153846153846154,стабильный
34,Республика Карелия,СЗФО,18,4.0,0.4444444444444444,4,0.6111111111111112,4.0,0.5555555555555556,стабильный
35,Республика Коми,СЗФО,20,4.0,0.55,4,0.6,4.0,0.6,стабильный
36,Санкт-Петербург,СЗФО,104,,,1,0.5445544554455446,1.0,0.5673076923076923,стабильный
37,Кабардино-Балкарская Республика,СКФО,13,5.0,0.46153846153846156,5,0.4166666666666667,5.0,0.46153846153846156,стабильный
38,Карачаево-Черкесская Республика,СКФО,12,1.0,0.5,2,0.4166666666666667,2.0,0.3333333333333333,снижение
39,Республика Ингушетия,СКФО,9,3.0,0.7142857142857143,5,0.6666666666666666,3.0,0.6666666666666666,колебание
40,Республика Северная Осетия — Алания,СКФО,0,5.0,0.7777777777777778,5,0.5555555555555556,,,стабильный
41,Ставропольский край,СКФО,23,2.0,0.45454545454545453,2,0.48484848484848486,2.0,0.2608695652173913,стабильный
42,Чеченская Республика,СКФО,17,,,5,0.4117647058823529,3.0,0.29411764705882354,рост
43,Алтайский край,СФО,68,4.0,0.5294117647058824,4,0.5652173913043478,4.0,0.6470588235294118,стабильный
44,Иркутская область,СФО,42,4.0,0.38095238095238093,4,0.30952380952380953,4.0,0.30952380952380953,стабильный
45,Кемеровская область,СФО,0,3.0,0.29411764705882354,2,0.2727272727272727,,,рост
46,Красноярский край,СФО,58,4.0,0.38596491228070173,4,0.4482758620689655,4.0,0.4482758620689655,стабильный
47,Новосибирская область,СФО,0,4.0,0.6571428571428571,4,0.6857142857142857,,,стабильный
48,Омская область,СФО,33,4.0,0.6363636363636364,4,0.6666666666666666,4.0,0.5151515151515151,стабильный
49,Республика Алтай,СФО,11,4.0,0.6363636363636364,4,0.6363636363636364,4.0,0.5454545454545454,стабильный
50,Республика Тыва,СФО,18,5.0,0.8421052631578947,5,0.7894736842105263,5.0,0.7222222222222222,стабильный
51,Республика Хакасия,СФО,13,4.0,0.6153846153846154,4,0.38461538461538464,4.0,0.38461538461538464,стабильный
52,Томская область,СФО,19,4.0,0.5789473684210527,4,0.631578947368421,4.0,0.47368421052631576,стабильный
53,Курганская область,УФО,26,5.0,0.5,4,0.5384615384615384,4.0,0.6923076923076923,рост
54,Свердловская область,УФО,69,2.0,0.4492753623188406,2,0.43478260869565216,2.0,0.4492753623188406,стабильный
55,Тюменская область,УФО,26,4.0,0.6923076923076923,4,0.6923076923076923,4.0,0.6153846153846154,стабильный
56,Ханты-Мансийский автономный округ — Югра,УФО,22,1.0,0.45454545454545453,0,0.4090909090909091,0.0,0.36363636363636365,рост
57,Челябинская область,УФО,40,4.0,0.41025641025641024,4,0.325,4.0,0.35,стабильный
58,Ямало-Ненецкий автономный округ,УФО,13,0.0,0.5384615384615384,0,0.5384615384615384,0.0,0.38461538461538464,стабильный
59,Белгородская область,ЦФО,22,2.0,0.9545454545454546,2,0.8636363636363636,2.0,0.8636363636363636,стабильный
60,Брянская область,ЦФО,31,5.0,0.36363636363636365,2,0.45454545454545453,2.0,0.5483870967741935,рост
61,Владимирская область,ЦФО,20,2.0,0.45,2,0.5,2.0,0.5,стабильный
62,Воронежская область,ЦФО,34,2.0,0.7352941176470589,2,0.6764705882352942,2.0,0.6764705882352942,стабильный
63,Ивановская область,ЦФО,27,5.0,0.5555555555555556,5,0.48148148148148145,5.0,0.4074074074074074,стабильный
64,Калужская область,ЦФО,26,4.0,0.38461538461538464,2,0.46153846153846156,2.0,0.4230769230769231,рост
65,Костромская область,ЦФО,29,,,5,0.4827586206896552,5.0,0.5517241379310345,стабильный
66,Курская область,ЦФО,33,2.0,0.45454545454545453,2,0.6363636363636364,2.0,0.5454545454545454,стабильный
67,Липецкая область,ЦФО,20,2.0,0.75,2,0.75,2.0,0.8,стабильный
68,Москва,ЦФО,0,,,1,0.5357142857142857,,,нет данных
69,Московская область,ЦФО,54,2.0,0.47368421052631576,2,0.4918032786885246,2.0,0.46296296296296297,стабильный
70,Орловская область,ЦФО,27,4.0,0.4444444444444444,4,0.48148148148148145,4.0,0.5555555555555556,стабильный
71,Рязанская область,ЦФО,0,4.0,0.5517241379310345,4,0.4642857142857143,,,стабильный
72,Смоленская область,ЦФО,27,4.0,0.3333333333333333,4,0.45454545454545453,4.0,0.4444444444444444,стабильный
73,Тамбовская область,ЦФО,30,2.0,0.4,4,0.5333333333333333,4.0,0.5333333333333333,снижение
74,Тверская область,ЦФО,0,4.0,0.4634146341463415,4,0.375,,,стабильный
75,Тульская область,ЦФО,26,2.0,0.5,2,0.64,2.0,0.6923076923076923,стабильный
76,Ярославская область,ЦФО,19,4.0,0.3,4,0.3684210526315789,4.0,0.47368421052631576,стабильный
77,Астраханская область,ЮФО,12,5.0,0.5833333333333334,4,0.5,4.0,0.4166666666666667,рост
78,Волгоградская область,ЮФО,38,4.0,0.5263157894736842,4,0.5,4.0,0.47368421052631576,стабильный
79,Краснодарский край,ЮФО,45,2.0,0.8636363636363636,2,0.8409090909090909,2.0,0.8444444444444444,стабильный
80,Республика Адыгея,ЮФО,9,2.0,0.4444444444444444,2,0.5555555555555556,2.0,0.4444444444444444,стабильный
81,Республика Калмыкия,ЮФО,0,5.0,0.5714285714285714,5,0.5,,,стабильный
82,Республика Крым,ЮФО,25,,,2,0.32,5.0,0.36,снижение
83,Ростовская область,ЮФО,55,4.0,0.32727272727272727,4,0.3090909090909091,2.0,0.38181818181818183,рост
84,Севастополь,ЮФО,0,,,3,0.6666666666666666,,,нет данных
