source,region_name,municipality,oktmo8,oktmo_stable8,match,years,rows
8006001,Московская область,Коломенский (до 2018 г.),46622000,46738000,неоднозначно,2013–2013,1
8006001,Московская область,Озерский (до 2016 г.),46642000,46738000,неоднозначно,2013–2013,1
8006001,Московская область,Павлово-Посадский,46645000,46759000,неоднозначно,2013–2013,1
8006001,Московская область,Шатурский,46657000,46786000,неоднозначно,2013–2013,1
8006001,Оренбургская область,Абдулинский муниципальный район (с 2016г. — Абдулинский ГО),53603000,53603000,нет в справочнике,2013–2015,3
8006001,Оренбургская область,Гайский муниципальный район (с 2016 г.-в составе Гайского ГО),53614000,53614000,нет в справочнике,2013–2014,2
8006001,Оренбургская область,Кувандыкский муниципальный район (с 2016г.-Кувандыкский ГО),53624000,53624000,нет в справочнике,2013–2015,3
8006001,Оренбургская область,Соль-Илецкий муниципальный район (с 2016г.-Соль-Илецкий ГО),53644000,53644000,нет в справочнике,2013–2015,3
8006001,Оренбургская область,Сорочинский муниципальный район (с 2016 г.-в составе Сорочинского ГО),53650000,53650000,нет в справочнике,2013–2014,2
8006001,Оренбургская область,Ясненский муниципальный район (с 2016г.-Ясненский ГО),53659000,53659000,нет в справочнике,2013–2015,3
8007010,Московская область,Коломенский (до 2018 г.),46622000,46738000,неоднозначно,2013–2017,5
8007010,Московская область,Озерский (до 2016 г.),46642000,46738000,неоднозначно,2013–2015,3
8007010,Московская область,Павлово-Посадский,46645000,46759000,неоднозначно,2013–2017,5
8007010,Московская область,Шатурский,46657000,46786000,неоднозначно,2013–2017,5
8007010,Оренбургская область,Абдулинский муниципальный район (с 2016г. — Абдулинский ГО),53603000,53603000,нет в справочнике,2013–2015,3
8007010,Оренбургская область,Гайский муниципальный район (с 2016 г.-в составе Гайского ГО),53614000,53614000,нет в справочнике,2013–2015,3
8007010,Оренбургская область,Кувандыкский муниципальный район (с 2016г.-Кувандыкский ГО),53624000,53624000,нет в справочнике,2013–2015,3
8007010,Оренбургская область,Соль-Илецкий муниципальный район (с 2016г.-Соль-Илецкий ГО),53644000,53644000,нет в справочнике,2013–2015,3
8007010,Оренбургская область,Сорочинский муниципальный район (с 2016 г.-в составе Сорочинского ГО),53650000,53650000,нет в справочнике,2013–2015,3
8007010,Оренбургская область,Ясненский муниципальный район (с 2016г.-Ясненский ГО),53659000,53659000,нет в справочнике,2013–2015,3
8007010,Сахалинская область,Невельский муниципальный район,64628000,64628000,нет в справочнике,2013–2013,1
8007010,Тульская область,Новомосковский муниципальный район,70634000,70634000,нет в справочнике,2013–2015,3
8010001,Московская область,Коломенский (до 2018 г.),46622000,46738000,неоднозначно,2016–2016,1
8010001,Московская область,Озерский (до 2016 г.),46642000,46738000,неоднозначно,2013–2013,1
8010001,Московская область,Павлово-Посадский,46645000,46759000,неоднозначно,2013–2016,2
8010001,Московская область,Шатурский,46657000,46786000,неоднозначно,2013–2016,2
8010001,Оренбургская область,Абдулинский муниципальный район (с 2016г. — Абдулинский ГО),53603000,53603000,нет в справочнике,2013–2015,3
8010001,Оренбургская область,Гайский муниципальный район (с 2016 г.-в составе Гайского ГО),53614000,53614000,нет в справочнике,2013–2014,2
8010001,Оренбургская область,Кувандыкский муниципальный район (с 2016г.-Кувандыкский ГО),53624000,53624000,нет в справочнике,2013–2015,3
8010001,Оренбургская область,Соль-Илецкий муниципальный район (с 2016г.-Соль-Илецкий ГО),53644000,53644000,нет в справочнике,2013–2015,3
8010001,Оренбургская область,Сорочинский муниципальный район (с 2016 г.-в составе Сорочинского ГО),53650000,53650000,нет в справочнике,2013–2014,2
8010001,Оренбургская область,Ясненский муниципальный район (с 2016г.-Ясненский ГО),53659000,53659000,нет в справочнике,2013–2015,3
8013001,Московская область,Коломенский (до 2018 г.),46622000,46738000,неоднозначно,2013–2017,10
8013001,Московская область,Озерский (до 2016 г.),46642000,46738000,неоднозначно,2013–2015,6
8013001,Московская область,Павлово-Посадский,46645000,46759000,неоднозначно,2013–2017,10
8013001,Московская область,Шатурский,46657000,46786000,неоднозначно,2013–2017,10
8013001,Оренбургская область,Абдулинский муниципальный район (с 2016г. — Абдулинский ГО),53603000,53603000,нет в справочнике,2013–2015,6
8013001,Оренбургская область,Гайский муниципальный район (с 2016 г.-в составе Гайского ГО),53614000,53614000,нет в справочнике,2013–2014,4
8013001,Оренбургская область,Кувандыкский муниципальный район (с 2016г.-Кувандыкский ГО),53624000,53624000,нет в справочнике,2013–2015,6
8013001,Оренбургская область,Соль-Илецкий муниципальный район (с 2016г.-Соль-Илецкий ГО),53644000,53644000,нет в справочнике,2013–2015,6
8013001,Оренбургская область,Сорочинский муниципальный район (с 2016 г.-в составе Сорочинского ГО),53650000,53650000,нет в справочнике,2013–2014,4
8013001,Оренбургская область,Ясненский муниципальный район (с 2016г.-Ясненский ГО),53659000,53659000,нет в справочнике,2013–2015,6
8013001,Республика Дагестан,Муниципальный район Бежтинский участок,82608000,82608000,нет в справочнике,2013–2014,4
8013015,Московская область,Коломенский (до 2018 г.),46622000,46738000,неоднозначно,2013–2017,5
8013015,Московская область,Озерский (до 2016 г.),46642000,46738000,неоднозначно,2014–2015,2
8013015,Московская область,Павлово-Посадский,46645000,46759000,неоднозначно,2013–2017,5
8013015,Московская область,Шатурский,46657000,46786000,неоднозначно,2013–2017,5
8013015,Оренбургская область,Абдулинский муниципальный район (с 2016г. — Абдулинский ГО),53603000,53603000,нет в справочнике,2013–2015,3
8013015,Оренбургская область,Гайский муниципальный район (с 2016 г.-в составе Гайского ГО),53614000,53614000,нет в справочнике,2013–2014,2
8013015,Оренбургская область,Кувандыкский муниципальный район (с 2016г.-Кувандыкский ГО),53624000,53624000,нет в справочнике,2013–2015,3
8013015,Оренбургская область,Соль-Илецкий муниципальный район (с 2016г.-Соль-Илецкий ГО),53644000,53644000,нет в справочнике,2013–2015,3
8013015,Оренбургская область,Сорочинский муниципальный район (с 2016 г.-в составе Сорочинского ГО),53650000,53650000,нет в справочнике,2013–2014,2
8013015,Оренбургская область,Ясненский муниципальный район (с 2016г.-Ясненский ГО),53659000,53659000,нет в справочнике,2013–2015,3
8014006,Московская область,Коломенский (до 2018 г.),46622000,46738000,неоднозначно,2013–2017,5
8014006,Московская область,Озерский (до 2016 г.),46642000,46738000,неоднозначно,2013–2015,3
8014006,Московская область,Павлово-Посадский,46645000,46759000,неоднозначно,2013–2017,5
8014006,Московская область,Шатурский,46657000,46786000,неоднозначно,2013–2017,5
8014006,Оренбургская область,Абдулинский муниципальный район (с 2016г. — Абдулинский ГО),53603000,53603000,нет в справочнике,2013–2013,1
8014006,Оренбургская область,Гайский муниципальный район (с 2016 г.-в составе Гайского ГО),53614000,53614000,нет в справочнике,2013–2013,1
8014006,Оренбургская область,Кувандыкский муниципальный район (с 2016г.-Кувандыкский ГО),53624000,53624000,нет в справочнике,2013–2013,1
8014006,Оренбургская область,Соль-Илецкий муниципальный район (с 2016г.-Соль-Илецкий ГО),53644000,53644000,нет в справочнике,2013–2013,1
8014006,Оренбургская область,Сорочинский муниципальный район (с 2016 г.-в составе Сорочинского ГО),53650000,53650000,нет в справочнике,2013–2013,1
8014006,Оренбургская область,Ясненский муниципальный район (с 2016г.-Ясненский ГО),53659000,53659000,нет в справочнике,2013–2013,1
8018000,Оренбургская область,Абдулинский муниципальный район (с 2016г. — Абдулинский ГО),53603000,53603000,нет в справочнике,2014–2015,2
8018000,Оренбургская область,Гайский муниципальный район (с 2016 г.-в составе Гайского ГО),53614000,53614000,нет в справочнике,2014–2014,1
8018000,Оренбургская область,Кувандыкский муниципальный район (с 2016г.-Кувандыкский ГО),53624000,53624000,нет в справочнике,2014–2015,2
8018000,Оренбургская область,Соль-Илецкий муниципальный район (с 2016г.-Соль-Илецкий ГО),53644000,53644000,нет в справочнике,2014–2015,2
8018000,Оренбургская область,Сорочинский муниципальный район (с 2016 г.-в составе Сорочинского ГО),53650000,53650000,нет в справочнике,2014–2014,1
8018000,Оренбургская область,Ясненский муниципальный район (с 2016г.-Ясненский ГО),53659000,53659000,нет в справочнике,2014–2015,2
8106005,Московская область,Коломенский (до 2018 г.),46622000,46738000,неоднозначно,2013–2017,5
8106005,Московская область,Озерский (до 2016 г.),46642000,46738000,неоднозначно,2013–2015,3
8106005,Московская область,Павлово-Посадский,46645000,46759000,неоднозначно,2013–2017,5
8106005,Московская область,Шатурский,46657000,46786000,неоднозначно,2013–2017,5
8106005,Оренбургская область,Абдулинский муниципальный район (с 2016г. — Абдулинский ГО),53603000,53603000,нет в справочнике,2013–2014,2
8106005,Оренбургская область,Кувандыкский муниципальный район (с 2016г.-Кувандыкский ГО),53624000,53624000,нет в справочнике,2014–2014,1
8106005,Оренбургская область,Соль-Илецкий муниципальный район (с 2016г.-Соль-Илецкий ГО),53644000,53644000,нет в справочнике,2013–2014,2
8109001,Московская область,Коломенский (до 2018 г.),46622000,46738000,неоднозначно,2013–2017,5
8109001,Московская область,Озерский (до 2016 г.),46642000,46738000,неоднозначно,2013–2015,3
8109001,Московская область,Павлово-Посадский,46645000,46759000,неоднозначно,2013–2017,5
8109001,Московская область,Шатурский,46657000,46786000,неоднозначно,2013–2017,5
8109001,Оренбургская область,Абдулинский муниципальный район (с 2016г. — Абдулинский ГО),53603000,53603000,нет в справочнике,2013–2015,3
8109001,Оренбургская область,Гайский муниципальный район (с 2016 г.-в составе Гайского ГО),53614000,53614000,нет в справочнике,2013–2014,2
8109001,Оренбургская область,Кувандыкский муниципальный район (с 2016г.-Кувандыкский ГО),53624000,53624000,нет в справочнике,2013–2015,3
8109001,Оренбургская область,Соль-Илецкий муниципальный район (с 2016г.-Соль-Илецкий ГО),53644000,53644000,нет в справочнике,2013–2015,3
8109001,Оренбургская область,Сорочинский муниципальный район (с 2016 г.-в составе Сорочинского ГО),53650000,53650000,нет в справочнике,2013–2015,3
8109001,Оренбургская область,Ясненский муниципальный район (с 2016г.-Ясненский ГО),53659000,53659000,нет в справочнике,2013–2015,3
8109003,Кемеровская область,Прокопьевский муниципальный округ,32522000,32522000,неоднозначно,2019–2019,1
8109003,Московская область,Коломенский (до 2018 г.),46622000,46738000,неоднозначно,2013–2017,5
8109003,Московская область,Озерский (до 2016 г.),46642000,46738000,неоднозначно,2013–2016,4
8109003,Московская область,Павлово-Посадский,46645000,46759000,неоднозначно,2013–2017,5
8109003,Московская область,Шатурский,46657000,46786000,неоднозначно,2013–2017,5
8109003,Оренбургская область,Абдулинский муниципальный район (с 2016г. — Абдулинский ГО),53603000,53603000,нет в справочнике,2013–2013,1
8109003,Оренбургская область,Гайский муниципальный район (с 2016 г.-в составе Гайского ГО),53614000,53614000,нет в справочнике,2013–2013,1
8109003,Оренбургская область,Кувандыкский муниципальный район (с 2016г.-Кувандыкский ГО),53624000,53624000,нет в справочнике,2013–2013,1
8109003,Оренбургская область,Соль-Илецкий муниципальный район (с 2016г.-Соль-Илецкий ГО),53644000,53644000,нет в справочнике,2013–2013,1
8109003,Оренбургская область,Сорочинский муниципальный район (с 2016 г.-в составе Сорочинского ГО),53650000,53650000,нет в справочнике,2013–2013,1
8109003,Оренбургская область,Ясненский муниципальный район (с 2016г.-Ясненский ГО),53659000,53659000,нет в справочнике,2013–2013,1
8112001,Московская область,Коломенский (до 2018 г.),46622000,46738000,неоднозначно,2013–2017,5
8112001,Московская область,Озерский (до 2016 г.),46642000,46738000,неоднозначно,2013–2015,3
8112001,Московская область,Павлово-Посадский,46645000,46759000,неоднозначно,2013–2017,5
8112001,Московская область,Шатурский,46657000,46786000,неоднозначно,2013–2017,5
8112001,Оренбургская область,Абдулинский муниципальный район (с 2016г. — Абдулинский ГО),53603000,53603000,нет в справочнике,2013–2015,3
8112001,Оренбургская область,Гайский муниципальный район (с 2016 г.-в составе Гайского ГО),53614000,53614000,нет в справочнике,2013–2015,3
8112001,Оренбургская область,Кувандыкский муниципальный район (с 2016г.-Кувандыкский ГО),53624000,53624000,нет в справочнике,2013–2015,3
8112001,Оренбургская область,Соль-Илецкий муниципальный район (с 2016г.-Соль-Илецкий ГО),53644000,53644000,нет в справочнике,2013–2015,3
8112001,Оренбургская область,Сорочинский муниципальный район (с 2016 г.-в составе Сорочинского ГО),53650000,53650000,нет в справочнике,2013–2015,3
8112001,Оренбургская область,Ясненский муниципальный район (с 2016г.-Ясненский ГО),53659000,53659000,нет в справочнике,2013–2015,3
8112003,Московская область,Коломенский (до 2018 г.),46622000,46738000,неоднозначно,2013–2017,5
8112003,Московская область,Озерский (до 2016 г.),46642000,46738000,неоднозначно,2013–2015,3
8112003,Московская область,Павлово-Посадский,46645000,46759000,неоднозначно,2013–2017,5
8112003,Московская область,Шатурский,46657000,46786000,неоднозначно,2013–2017,5
8112003,Оренбургская область,Абдулинский муниципальный район (с 2016г. — Абдулинский ГО),53603000,53603000,нет в справочнике,2013–2015,3
8112003,Оренбургская область,Гайский муниципальный район (с 2016 г.-в составе Гайского ГО),53614000,53614000,нет в справочнике,2013–2015,3
8112003,Оренбургская область,Кувандыкский муниципальный район (с 2016г.-Кувандыкский ГО),53624000,53624000,нет в справочнике,2013–2015,3
8112003,Оренбургская область,Соль-Илецкий муниципальный район (с 2016г.-Соль-Илецкий ГО),53644000,53644000,нет в справочнике,2013–2015,3
8112003,Оренбургская область,Сорочинский муниципальный район (с 2016 г.-в составе Сорочинского ГО),53650000,53650000,нет в справочнике,2013–2015,3
8112003,Оренбургская область,Ясненский муниципальный район (с 2016г.-Ясненский ГО),53659000,53659000,нет в справочнике,2013–2015,3
8112013,Московская область,Коломенский (до 2018 г.),46622000,46738000,неоднозначно,2013–2017,5
8112013,Московская область,Озерский (до 2016 г.),46642000,46738000,неоднозначно,2013–2015,3
8112013,Московская область,Павлово-Посадский,46645000,46759000,неоднозначно,2013–2017,5
8112013,Московская область,Шатурский,46657000,46786000,неоднозначно,2013–2017,5
8112013,Оренбургская область,Абдулинский муниципальный район (с 2016г. — Абдулинский ГО),53603000,53603000,нет в справочнике,2013–2013,1
8112013,Оренбургская область,Гайский муниципальный район (с 2016 г.-в составе Гайского ГО),53614000,53614000,нет в справочнике,2013–2013,1
8112013,Оренбургская область,Кувандыкский муниципальный район (с 2016г.-Кувандыкский ГО),53624000,53624000,нет в справочнике,2013–2013,1
8112013,Оренбургская область,Соль-Илецкий муниципальный район (с 2016г.-Соль-Илецкий ГО),53644000,53644000,нет в справочнике,2013–2013,1
8112013,Оренбургская область,Сорочинский муниципальный район (с 2016 г.-в составе Сорочинского ГО),53650000,53650000,нет в справочнике,2013–2013,1
8112013,Оренбургская область,Ясненский муниципальный район (с 2016г.-Ясненский ГО),53659000,53659000,нет в справочнике,2013–2013,1
8112014,Московская область,Коломенский (до 2018 г.),46622000,46738000,неоднозначно,2013–2017,15
8112014,Московская область,Озерский (до 2016 г.),46642000,46738000,неоднозначно,2013–2015,9
8112014,Московская область,Павлово-Посадский,46645000,46759000,неоднозначно,2013–2017,15
8112014,Московская область,Шатурский,46657000,46786000,неоднозначно,2013–2017,15
8112014,Оренбургская область,Абдулинский муниципальный район (с 2016г. — Абдулинский ГО),53603000,53603000,нет в справочнике,2013–2016,12
8112014,Оренбургская область,Гайский муниципальный район (с 2016 г.-в составе Гайского ГО),53614000,53614000,нет в справочнике,2013–2016,12
8112014,Оренбургская область,Кувандыкский муниципальный район (с 2016г.-Кувандыкский ГО),53624000,53624000,нет в справочнике,2013–2016,12
8112014,Оренбургская область,Соль-Илецкий муниципальный район (с 2016г.-Соль-Илецкий ГО),53644000,53644000,нет в справочнике,2013–2016,12
8112014,Оренбургская область,Сорочинский муниципальный район (с 2016 г.-в составе Сорочинского ГО),53650000,53650000,нет в справочнике,2013–2016,12
8112014,Оренбургская область,Ясненский муниципальный район (с 2016г.-Ясненский ГО),53659000,53659000,нет в справочнике,2013–2016,12
8112024,Московская область,Коломенский (до 2018 г.),46622000,46738000,неоднозначно,2013–2017,5
8112024,Московская область,Озерский (до 2016 г.),46642000,46738000,неоднозначно,2013–2015,3
8112024,Московская область,Павлово-Посадский,46645000,46759000,неоднозначно,2013–2017,5
8112024,Московская область,Шатурский,46657000,46786000,неоднозначно,2013–2017,5
8112024,Оренбургская область,Абдулинский муниципальный район (с 2016г. — Абдулинский ГО),53603000,53603000,нет в справочнике,2013–2015,3
8112024,Оренбургская область,Гайский муниципальный район (с 2016 г.-в составе Гайского ГО),53614000,53614000,нет в справочнике,2013–2015,3
8112024,Оренбургская область,Кувандыкский муниципальный район (с 2016г.-Кувандыкский ГО),53624000,53624000,нет в справочнике,2013–2015,3
8112024,Оренбургская область,Соль-Илецкий муниципальный район (с 2016г.-Соль-Илецкий ГО),53644000,53644000,нет в справочнике,2013–2015,3
8112024,Оренбургская область,Сорочинский муниципальный район (с 2016 г.-в составе Сорочинского ГО),53650000,53650000,нет в справочнике,2013–2015,3
8112024,Оренбургская область,Ясненский муниципальный район (с 2016г.-Ясненский ГО),53659000,53659000,нет в справочнике,2013–2015,3
8112027,Московская область,Коломенский (до 2018 г.),46622000,46738000,неоднозначно,2013–2017,5
8112027,Московская область,Озерский (до 2016 г.),46642000,46738000,неоднозначно,2013–2015,3
8112027,Московская область,Павлово-Посадский,46645000,46759000,неоднозначно,2013–2017,5
8112027,Московская область,Шатурский,46657000,46786000,неоднозначно,2013–2017,5
8112027,Оренбургская область,Абдулинский муниципальный район (с 2016г. — Абдулинский ГО),53603000,53603000,нет в справочнике,2013–2015,3
8112027,Оренбургская область,Гайский муниципальный район (с 2016 г.-в составе Гайского ГО),53614000,53614000,нет в справочнике,2013–2015,3
8112027,Оренбургская область,Кувандыкский муниципальный район (с 2016г.-Кувандыкский ГО),53624000,53624000,нет в справочнике,2013–2015,3
8112027,Оренбургская область,Соль-Илецкий муниципальный район (с 2016г.-Соль-Илецкий ГО),53644000,53644000,нет в справочнике,2013–2015,3
8112027,Оренбургская область,Сорочинский муниципальный район (с 2016 г.-в составе Сорочинского ГО),53650000,53650000,нет в справочнике,2013–2015,3
8112027,Оренбургская область,Ясненский муниципальный район (с 2016г.-Ясненский ГО),53659000,53659000,нет в справочнике,2013–2015,3
8112027,Саратовская область,Саратовский муниципальный район,63643000,63701000,неоднозначно,2024–2024,1
8112027,Удмуртская Республика,Город Камбарка,94750000,94750000,нет в справочнике,2022–2022,1
8123005,Московская область,Коломенский (до 2018 г.),46622000,46738000,неоднозначно,2013–2016,47
8123005,Московская область,Озерский (до 2016 г.),46642000,46738000,неоднозначно,2013–2015,37
8123005,Московская область,Павлово-Посадский,46645000,46759000,неоднозначно,2013–2016,56
8123005,Московская область,Шатурский,46657000,46786000,неоднозначно,2013–2016,57
8123005,Оренбургская область,Абдулинский муниципальный район (с 2016г. — Абдулинский ГО),53603000,53603000,нет в справочнике,2013–2015,34
8123005,Оренбургская область,Гайский муниципальный район (с 2016 г.-в составе Гайского ГО),53614000,53614000,нет в справочнике,2013–2015,26
8123005,Оренбургская область,Кувандыкский муниципальный район (с 2016г.-Кувандыкский ГО),53624000,53624000,нет в справочнике,2013–2015,39
8123005,Оренбургская область,Соль-Илецкий муниципальный район (с 2016г.-Соль-Илецкий ГО),53644000,53644000,нет в справочнике,2013–2015,38
8123005,Оренбургская область,Сорочинский муниципальный район (с 2016 г.-в составе Сорочинского ГО),53650000,53650000,нет в справочнике,2013–2015,21
8123005,Оренбургская область,Ясненский муниципальный район (с 2016г.-Ясненский ГО),53659000,53659000,нет в справочнике,2013–2015,38
8123006,Московская область,Коломенский (до 2018 г.),46622000,46738000,неоднозначно,2013–2016,47
8123006,Московская область,Озерский (до 2016 г.),46642000,46738000,неоднозначно,2013–2015,37
8123006,Московская область,Павлово-Посадский,46645000,46759000,неоднозначно,2013–2016,56
8123006,Московская область,Шатурский,46657000,46786000,неоднозначно,2013–2016,57
8123006,Оренбургская область,Абдулинский муниципальный район (с 2016г. — Абдулинский ГО),53603000,53603000,нет в справочнике,2013–2015,34
8123006,Оренбургская область,Гайский муниципальный район (с 2016 г.-в составе Гайского ГО),53614000,53614000,нет в справочнике,2013–2015,26
8123006,Оренбургская область,Кувандыкский муниципальный район (с 2016г.-Кувандыкский ГО),53624000,53624000,нет в справочнике,2013–2015,39
8123006,Оренбургская область,Соль-Илецкий муниципальный район (с 2016г.-Соль-Илецкий ГО),53644000,53644000,нет в справочнике,2013–2015,38
8123006,Оренбургская область,Сорочинский муниципальный район (с 2016 г.-в составе Сорочинского ГО),53650000,53650000,нет в справочнике,2013–2015,21
8123006,Оренбургская область,Ясненский муниципальный район (с 2016г.-Ясненский ГО),53659000,53659000,нет в справочнике,2013–2015,38
8123007,Московская область,Коломенский (до 2018 г.),46622000,46738000,неоднозначно,2013–2016,47
8123007,Московская область,Озерский (до 2016 г.),46642000,46738000,неоднозначно,2013–2015,37
8123007,Московская область,Павлово-Посадский,46645000,46759000,неоднозначно,2013–2016,56
8123007,Московская область,Шатурский,46657000,46786000,неоднозначно,2013–2016,57
8123007,Оренбургская область,Абдулинский муниципальный район (с 2016г. — Абдулинский ГО),53603000,53603000,нет в справочнике,2013–2015,34
8123007,Оренбургская область,Гайский муниципальный район (с 2016 г.-в составе Гайского ГО),53614000,53614000,нет в справочнике,2013–2015,26
8123007,Оренбургская область,Кувандыкский муниципальный район (с 2016г.-Кувандыкский ГО),53624000,53624000,нет в справочнике,2013–2015,39
8123007,Оренбургская область,Соль-Илецкий муниципальный район (с 2016г.-Соль-Илецкий ГО),53644000,53644000,нет в справочнике,2013–2015,38
8123007,Оренбургская область,Сорочинский муниципальный район (с 2016 г.-в составе Сорочинского ГО),53650000,53650000,нет в справочнике,2013–2015,21
8123007,Оренбургская область,Ясненский муниципальный район (с 2016г.-Ясненский ГО),53659000,53659000,нет в справочнике,2013–2015,38
8155002,Московская область,Коломенский (до 2018 г.),46622000,46738000,неоднозначно,2013–2013,1
8155002,Московская область,Озерский (до 2016 г.),46642000,46738000,неоднозначно,2013–2015,2
8155002,Московская область,Павлово-Посадский,46645000,46759000,неоднозначно,2013–2015,2
8155002,Оренбургская область,Абдулинский муниципальный район (с 2016г. — Абдулинский ГО),53603000,53603000,нет в справочнике,2013–2014,2
8155002,Оренбургская область,Кувандыкский муниципальный район (с 2016г.-Кувандыкский ГО),53624000,53624000,нет в справочнике,2013–2014,2
8155002,Оренбургская область,Ясненский муниципальный район (с 2016г.-Ясненский ГО),53659000,53659000,нет в справочнике,2013–2014,2
8155002,Республика Дагестан,Муниципальный район Бежтинский участок,82608000,82608000,нет в справочнике,2014–2014,1
8201001,Московская область,Коломенский (до 2018 г.),46622000,46738000,неоднозначно,2013–2016,8
8201001,Московская область,Озерский (до 2016 г.),46642000,46738000,неоднозначно,2013–2015,8
8201001,Московская область,Павлово-Посадский,46645000,46759000,неоднозначно,2013–2016,9
8201001,Московская область,Шатурский,46657000,46786000,неоднозначно,2013–2016,11
8201001,Оренбургская область,Абдулинский муниципальный район (с 2016г. — Абдулинский ГО),53603000,53603000,нет в справочнике,2013–2015,7
8201001,Оренбургская область,Гайский муниципальный район (с 2016 г.-в составе Гайского ГО),53614000,53614000,нет в справочнике,2013–2015,6
8201001,Оренбургская область,Кувандыкский муниципальный район (с 2016г.-Кувандыкский ГО),53624000,53624000,нет в справочнике,2013–2015,8
8201001,Оренбургская область,Соль-Илецкий муниципальный район (с 2016г.-Соль-Илецкий ГО),53644000,53644000,нет в справочнике,2013–2015,9
8201001,Оренбургская область,Сорочинский муниципальный район (с 2016 г.-в составе Сорочинского ГО),53650000,53650000,нет в справочнике,2013–2015,5
8201001,Оренбургская область,Ясненский муниципальный район (с 2016г.-Ясненский ГО),53659000,53659000,нет в справочнике,2013–2015,8
8201003,Московская область,Коломенский (до 2018 г.),46622000,46738000,неоднозначно,2015–2016,2
8201003,Московская область,Озерский (до 2016 г.),46642000,46738000,неоднозначно,2015–2015,1
8201003,Московская область,Павлово-Посадский,46645000,46759000,неоднозначно,2015–2016,2
8201003,Московская область,Шатурский,46657000,46786000,неоднозначно,2015–2016,2
8201003,Оренбургская область,Абдулинский муниципальный район (с 2016г. — Абдулинский ГО),53603000,53603000,нет в справочнике,2015–2015,1
8201003,Оренбургская область,Кувандыкский муниципальный район (с 2016г.-Кувандыкский ГО),53624000,53624000,нет в справочнике,2015–2015,1
8201003,Оренбургская область,Соль-Илецкий муниципальный район (с 2016г.-Соль-Илецкий ГО),53644000,53644000,нет в справочнике,2015–2015,1
8201003,Оренбургская область,Сорочинский муниципальный район (с 2016 г.-в составе Сорочинского ГО),53650000,53650000,нет в справочнике,2015–2015,1
8201003,Оренбургская область,Ясненский муниципальный район (с 2016г.-Ясненский ГО),53659000,53659000,нет в справочнике,2015–2015,1
8211001,Московская область,Коломенский (до 2018 г.),46622000,46738000,неоднозначно,2013–2017,5
8211001,Московская область,Озерский (до 2016 г.),46642000,46738000,неоднозначно,2013–2015,3
8211001,Московская область,Павлово-Посадский,46645000,46759000,неоднозначно,2013–2017,5
8211001,Московская область,Шатурский,46657000,46786000,неоднозначно,2013–2017,5
8211001,Оренбургская область,Абдулинский муниципальный район (с 2016г. — Абдулинский ГО),53603000,53603000,нет в справочнике,2013–2013,1
8211001,Оренбургская область,Гайский муниципальный район (с 2016 г.-в составе Гайского ГО),53614000,53614000,нет в справочнике,2013–2013,1
8211001,Оренбургская область,Кувандыкский муниципальный район (с 2016г.-Кувандыкский ГО),53624000,53624000,нет в справочнике,2013–2013,1
8211001,Оренбургская область,Соль-Илецкий муниципальный район (с 2016г.-Соль-Илецкий ГО),53644000,53644000,нет в справочнике,2013–2013,1
8211001,Оренбургская область,Сорочинский муниципальный район (с 2016 г.-в составе Сорочинского ГО),53650000,53650000,нет в справочнике,2013–2013,1
8211001,Оренбургская область,Ясненский муниципальный район (с 2016г.-Ясненский ГО),53659000,53659000,нет в справочнике,2013–2013,1
8213002,Московская область,Коломенский (до 2018 г.),46622000,46738000,неоднозначно,2013–2017,5
8213002,Московская область,Озерский (до 2016 г.),46642000,46738000,неоднозначно,2013–2015,3
8213002,Московская область,Павлово-Посадский,46645000,46759000,неоднозначно,2013–2017,5
8213002,Московская область,Шатурский,46657000,46786000,неоднозначно,2013–2017,5
8213002,Оренбургская область,Абдулинский муниципальный район (с 2016г. — Абдулинский ГО),53603000,53603000,нет в справочнике,2013–2013,1
8213002,Оренбургская область,Гайский муниципальный район (с 2016 г.-в составе Гайского ГО),53614000,53614000,нет в справочнике,2013–2013,1
8213002,Оренбургская область,Кувандыкский муниципальный район (с 2016г.-Кувандыкский ГО),53624000,53624000,нет в справочнике,2013–2013,1
8213002,Оренбургская область,Соль-Илецкий муниципальный район (с 2016г.-Соль-Илецкий ГО),53644000,53644000,нет в справочнике,2013–2013,1
8213002,Оренбургская область,Сорочинский муниципальный район (с 2016 г.-в составе Сорочинского ГО),53650000,53650000,нет в справочнике,2013–2013,1
8213002,Оренбургская область,Ясненский муниципальный район (с 2016г.-Ясненский ГО),53659000,53659000,нет в справочнике,2013–2013,1
8213003,Московская область,Коломенский (до 2018 г.),46622000,46738000,неоднозначно,2014–2017,4
8213003,Московская область,Озерский (до 2016 г.),46642000,46738000,неоднозначно,2014–2015,2
8213003,Московская область,Павлово-Посадский,46645000,46759000,неоднозначно,2014–2017,4
8213003,Московская область,Шатурский,46657000,46786000,неоднозначно,2013–2017,5
8213003,Оренбургская область,Абдулинский муниципальный район (с 2016г. — Абдулинский ГО),53603000,53603000,нет в справочнике,2013–2013,1
8213003,Оренбургская область,Гайский муниципальный район (с 2016 г.-в составе Гайского ГО),53614000,53614000,нет в справочнике,2013–2013,1
8213003,Оренбургская область,Кувандыкский муниципальный район (с 2016г.-Кувандыкский ГО),53624000,53624000,нет в справочнике,2013–2013,1
8213003,Оренбургская область,Соль-Илецкий муниципальный район (с 2016г.-Соль-Илецкий ГО),53644000,53644000,нет в справочнике,2013–2013,1
8213003,Оренбургская область,Сорочинский муниципальный район (с 2016 г.-в составе Сорочинского ГО),53650000,53650000,нет в справочнике,2013–2013,1
8213003,Оренбургская область,Ясненский муниципальный район (с 2016г.-Ясненский ГО),53659000,53659000,нет в справочнике,2013–2013,1
8213004,Московская область,Коломенский (до 2018 г.),46622000,46738000,неоднозначно,2013–2017,5
8213004,Московская область,Озерский (до 2016 г.),46642000,46738000,неоднозначно,2013–2015,3
8213004,Московская область,Павлово-Посадский,46645000,46759000,неоднозначно,2013–2017,5
8213004,Московская область,Шатурский,46657000,46786000,неоднозначно,2013–2017,5
8213004,Оренбургская область,Абдулинский муниципальный район (с 2016г. — Абдулинский ГО),53603000,53603000,нет в справочнике,2013–2013,1
8213004,Оренбургская область,Гайский муниципальный район (с 2016 г.-в составе Гайского ГО),53614000,53614000,нет в справочнике,2013–2013,1
8213004,Оренбургская область,Кувандыкский муниципальный район (с 2016г.-Кувандыкский ГО),53624000,53624000,нет в справочнике,2013–2013,1
8213004,Оренбургская область,Соль-Илецкий муниципальный район (с 2016г.-Соль-Илецкий ГО),53644000,53644000,нет в справочнике,2013–2013,1
8213004,Оренбургская область,Сорочинский муниципальный район (с 2016 г.-в составе Сорочинского ГО),53650000,53650000,нет в справочнике,2013–2013,1
8213004,Оренбургская область,Ясненский муниципальный район (с 2016г.-Ясненский ГО),53659000,53659000,нет в справочнике,2013–2013,1
8215001,Московская область,Коломенский (до 2018 г.),46622000,46738000,неоднозначно,2013–2017,5
8215001,Московская область,Озерский (до 2016 г.),46642000,46738000,неоднозначно,2013–2015,3
8215001,Московская область,Павлово-Посадский,46645000,46759000,неоднозначно,2013–2017,5
8215001,Московская область,Шатурский,46657000,46786000,неоднозначно,2013–2017,5
8215001,Оренбургская область,Абдулинский муниципальный район (с 2016г. — Абдулинский ГО),53603000,53603000,нет в справочнике,2013–2013,1
8215001,Оренбургская область,Гайский муниципальный район (с 2016 г.-в составе Гайского ГО),53614000,53614000,нет в справочнике,2013–2013,1
8215001,Оренбургская область,Кувандыкский муниципальный район (с 2016г.-Кувандыкский ГО),53624000,53624000,нет в справочнике,2013–2013,1
8215001,Оренбургская область,Соль-Илецкий муниципальный район (с 2016г.-Соль-Илецкий ГО),53644000,53644000,нет в справочнике,2013–2013,1
8215001,Оренбургская область,Сорочинский муниципальный район (с 2016 г.-в составе Сорочинского ГО),53650000,53650000,нет в справочнике,2013–2013,1
8215001,Оренбургская область,Ясненский муниципальный район (с 2016г.-Ясненский ГО),53659000,53659000,нет в справочнике,2013–2013,1
8313015,Московская область,Коломенский (до 2018 г.),46622000,46738000,неоднозначно,2013–2017,5
8313015,Московская область,Озерский (до 2016 г.),46642000,46738000,неоднозначно,2014–2015,2
8313015,Московская область,Павлово-Посадский,46645000,46759000,неоднозначно,2013–2017,5
8313015,Московская область,Шатурский,46657000,46786000,неоднозначно,2013–2017,5
8313015,Оренбургская область,Абдулинский муниципальный район (с 2016г. — Абдулинский ГО),53603000,53603000,нет в справочнике,2013–2015,3
8313015,Оренбургская область,Гайский муниципальный район (с 2016 г.-в составе Гайского ГО),53614000,53614000,нет в справочнике,2013–2014,2
8313015,Оренбургская область,Кувандыкский муниципальный район (с 2016г.-Кувандыкский ГО),53624000,53624000,нет в справочнике,2013–2015,3
8313015,Оренбургская область,Соль-Илецкий муниципальный район (с 2016г.-Соль-Илецкий ГО),53644000,53644000,нет в справочнике,2013–2015,3
8313015,Оренбургская область,Сорочинский муниципальный район (с 2016 г.-в составе Сорочинского ГО),53650000,53650000,нет в справочнике,2013–2014,2
8313015,Оренбургская область,Ясненский муниципальный район (с 2016г.-Ясненский ГО),53659000,53659000,нет в справочнике,2013–2015,3
8401003,Московская область,Коломенский (до 2018 г.),46622000,46738000,неоднозначно,2017–2017,1
8401003,Московская область,Павлово-Посадский,46645000,46759000,неоднозначно,2017–2017,1
8401003,Московская область,Шатурский,46657000,46786000,неоднозначно,2017–2017,1
8401006,Московская область,Коломенский (до 2018 г.),46622000,46738000,неоднозначно,2017–2017,1
8401006,Московская область,Павлово-Посадский,46645000,46759000,неоднозначно,2017–2017,1
8401006,Московская область,Шатурский,46657000,46786000,неоднозначно,2017–2017,1
8401011,Московская область,Коломенский (до 2018 г.),46622000,46738000,неоднозначно,2017–2017,1
8401011,Московская область,Павлово-Посадский,46645000,46759000,неоднозначно,2017–2017,1
8401011,Московская область,Шатурский,46657000,46786000,неоднозначно,2017–2017,2
8423005,Московская область,Коломенский (до 2018 г.),46622000,46738000,неоднозначно,2017–2017,12
8423005,Московская область,Павлово-Посадский,46645000,46759000,неоднозначно,2017–2017,14
8423005,Московская область,Шатурский,46657000,46786000,неоднозначно,2017–2017,15
8423006,Московская область,Коломенский (до 2018 г.),46622000,46738000,неоднозначно,2017–2017,12
8423006,Московская область,Павлово-Посадский,46645000,46759000,неоднозначно,2017–2017,13
8423006,Московская область,Шатурский,46657000,46786000,неоднозначно,2017–2017,15
8423007,Московская область,Коломенский (до 2018 г.),46622000,46738000,неоднозначно,2017–2017,16
8423007,Московская область,Павлово-Посадский,46645000,46759000,неоднозначно,2017–2017,19
8423007,Московская область,Шатурский,46657000,46786000,неоднозначно,2017–2017,18
8440031,Московская область,Коломенский (до 2018 г.),46622000,46738000,неоднозначно,2017–2017,1
8440031,Московская область,Павлово-Посадский,46645000,46759000,неоднозначно,2017–2017,1
8440031,Московская область,Шатурский,46657000,46786000,неоднозначно,2017–2017,1
8942001,Московская область,Коломенский (до 2018 г.),46622000,46738000,неоднозначно,2017–2017,1
8942001,Московская область,Павлово-Посадский,46645000,46759000,неоднозначно,2017–2017,1
8942001,Московская область,Шатурский,46657000,46786000,неоднозначно,2017–2017,1
8112014,Московская область,Коломенский (до 2018 г.),46622000,46738000,неоднозначно,2012–2017,6
8112014,Московская область,Озерский (до 2016 г.),46642000,46738000,неоднозначно,2012–2015,4
8112014,Московская область,Павлово-Посадский,46645000,46759000,неоднозначно,2012–2017,6
8112014,Московская область,Шатурский,46657000,46786000,неоднозначно,2012–2017,6
8112014,Оренбургская область,Абдулинский муниципальный район (с 2016г. — Абдулинский ГО),53603000,53603000,нет в справочнике,2011–2016,6
8112014,Оренбургская область,Гайский муниципальный район (с 2016 г.-в составе Гайского ГО),53614000,53614000,нет в справочнике,2011–2016,6
8112014,Оренбургская область,Кувандыкский муниципальный район (с 2016г.-Кувандыкский ГО),53624000,53624000,нет в справочнике,2011–2016,6
8112014,Оренбургская область,Соль-Илецкий муниципальный район (с 2016г.-Соль-Илецкий ГО),53644000,53644000,нет в справочнике,2011–2016,6
8112014,Оренбургская область,Сорочинский муниципальный район (с 2016 г.-в составе Сорочинского ГО),53650000,53650000,нет в справочнике,2011–2016,6
8112014,Оренбургская область,Ясненский муниципальный район (с 2016г.-Ясненский ГО),53659000,53659000,нет в справочнике,2011–2016,6
8112013,Московская область,Коломенский (до 2018 г.),46622000,46738000,неоднозначно,2009–2017,9
8112013,Московская область,Озерский (до 2016 г.),46642000,46738000,неоднозначно,2009–2015,7
8112013,Московская область,Павлово-Посадский,46645000,46759000,неоднозначно,2009–2017,9
8112013,Московская область,Шатурский,46657000,46786000,неоднозначно,2009–2017,9
8112013,Оренбургская область,Абдулинский муниципальный район (с 2016г. — Абдулинский ГО),53603000,53603000,нет в справочнике,2008–2013,6
8112013,Оренбургская область,Гайский муниципальный район (с 2016 г.-в составе Гайского ГО),53614000,53614000,нет в справочнике,2008–2013,6
8112013,Оренбургская область,Кувандыкский муниципальный район (с 2016г.-Кувандыкский ГО),53624000,53624000,нет в справочнике,2008–2013,6
8112013,Оренбургская область,Соль-Илецкий муниципальный район (с 2016г.-Соль-Илецкий ГО),53644000,53644000,нет в справочнике,2008–2013,6
8112013,Оренбургская область,Сорочинский муниципальный район (с 2016 г.-в составе Сорочинского ГО),53650000,53650000,нет в справочнике,2008–2013,6
8112013,Оренбургская область,Ясненский муниципальный район (с 2016г.-Ясненский ГО),53659000,53659000,нет в справочнике,2008–2013,6
