year_from,year_to,МО в обоих годах,ARI,доля сменивших тип,новых типов,исчезло типов
2014,2015,2141,0.640193090872858,0.14946286781877627,0,0
2015,2016,2103,0.6476136973285431,0.14550641940085593,0,0
2016,2017,2115,0.5872952160797095,0.17541371158392435,0,0
2017,2018,2287,0.6493423564689748,0.15085264538696982,0,0
2018,2019,2469,0.7113782074666382,0.12110166059133252,0,0
2019,2020,2458,0.6805016511084837,0.13344182262001628,0,0
2020,2021,2473,0.6712818117574271,0.1431459765467044,0,0
2021,2022,2491,0.6973084341287759,0.1320754716981132,0,0
2022,2023,2473,0.7261920498500141,0.11928831378892034,0,0
2023,2024,2110,0.734397448350621,0.10758293838862559,0,0
